COUNTY/CITY,4/1/2020,1/1/2021,1/1/2022,1/1/2023,1/1/2024
California,,,,,
Incorporated Total,"32,988,287","32,841,388","32,654,297","32,633,393","32,705,206"
Balance Of State Total,"6,549,936","6,486,480","6,460,488","6,427,665","6,422,956"
State Total,"39,538,223"," 39,327,868 "," 39,114,785 "," 39,061,058 ","39,128,162"
Alameda County,,,,,
Alameda             ,"78,397","77,811","76,924","77,237","78,071"
Albany              ,"21,171","20,160","20,412","20,354","20,325"
Berkeley            ,"127,560","120,950","124,054","125,181","125,327"
Dublin              ,"74,458","73,617","72,870","72,681","72,917"
Emeryville          ,"12,699","12,658","12,480","12,686","13,314"
Fremont             ,"230,105","229,851","228,918","230,713","229,250"
Hayward             ,"164,029","162,079","159,986","160,699","159,770"
Livermore           ,"87,763","87,620","85,769","85,235","84,828"
Newark              ,"47,451","47,422","47,146","47,762","46,635"
Oakland             ,"433,148","431,843","422,071","427,305","425,093"
Piedmont            ,"11,268","11,160","10,930","10,878","10,782"
Pleasanton          ,"79,804","79,322","77,434","76,861","75,960"
San Leandro         ,"90,924","90,174","87,998","87,984","87,098"
Union City          ,"70,092","69,306","67,829","67,279","66,432"
Balance Of County    ,"153,484","152,368","148,862","147,801","146,067"
Incorporated,"1,528,869","1,513,973","1,494,821","1,502,855","1,495,802"
County Total,"1,682,353","1,666,341","1,643,683","1,650,656","1,641,869"
Alpine County,,,,,
County Total,"1,204","1,195","1,190","1,183","1,179"
Amador County,,,,,
Amador              ,200,200,197,196,193
Ione                ,"8,849","8,699","8,852","8,842","8,856"
Jackson             ,"5,031","4,962","4,953","4,933","4,867"
Plymouth            ,"1,067","1,066","1,046","1,063","1,061"
Sutter Creek        ,"2,644","2,629","2,601","2,589","2,553"
Balance Of County    ,"22,683","22,491","22,361","22,301","22,081"
Incorporated,"17,791","17,556","17,649","17,623","17,530"
County Total,"40,474","40,047","40,010","39,924","39,611"
Butte County,,,,,
Biggs               ,"1,963","1,989","1,991","1,951","1,853"
Chico               ,"101,703","103,016","105,517","107,639","109,589"
Gridley             ,"7,326","7,468","7,396","7,235","6,935"
Oroville            ,"20,009","20,343","19,432","18,841","18,129"
Paradise            ,"4,710","6,068","7,720","9,205","10,691"
Balance Of County    ,"75,921","68,519","64,128","61,708","58,731"
Incorporated,"135,711","138,884","142,056","144,871","147,197"
County Total,"211,632","207,403","206,184","206,579","205,928"
Calaveras County,,,,,
Angels City,"3,652","3,642","3,621","3,604","3,587"
Balance Of County    ,"41,640","41,617","41,400","41,295","41,255"
Incorporated,"3,652","3,642","3,621","3,604","3,587"
County Total,"45,292","45,259","45,021","44,899","44,842"
Colusa County,,,,,
Colusa              ,"6,380","6,368","6,372","6,429","6,447"
Williams            ,"5,544","5,525","5,537","5,568","5,528"
Balance Of County    ,"9,915","9,881","9,813","9,834","9,768"
Incorporated,"11,924","11,893","11,909","11,997","11,975"
County Total,"21,839","21,774","21,722","21,831","21,743"
Contra Costa County,,,,,
Antioch             ,"115,333","115,079","114,247","115,282","115,632"
Brentwood           ,"64,309","64,534","64,228","64,496","64,811"
Clayton             ,"11,064","10,980","10,807","10,687","10,683"
Concord             ,"125,520","124,775","122,713","121,663","121,513"
Danville            ,"43,667","43,401","43,096","42,736","42,567"
El Cerrito          ,"25,979","25,841","25,643","25,409","25,700"
Hercules            ,"26,023","26,255","25,869","26,202","26,063"
Lafayette           ,"25,425","25,265","24,948","24,823","24,808"
Martinez            ,"37,539","37,209","36,686","36,425","36,439"
Moraga              ,"17,303","17,226","17,025","16,858","16,784"
Oakley,"43,355","43,598","44,211","44,929","45,736"
Orinda              ,"19,521","19,488","19,340","19,231","19,191"
Pinole              ,"18,935","18,753","18,493","18,278","18,192"
Pittsburg           ,"76,246","75,769","74,644","74,736","75,085"
Pleasant Hill       ,"34,512","34,244","33,770","33,447","33,352"
Richmond            ,"115,900","115,187","114,143","113,122","112,735"
San Pablo           ,"32,205","31,989","31,499","31,163","31,088"
San Ramon           ,"84,599","84,474","83,502","82,754","82,525"
Walnut Creek        ,"70,306","70,520","69,394","69,010","69,433"
Balance Of County    ,"178,186","177,749","175,583","174,023","174,289"
Incorporated,"987,741","984,587","974,258","971,251","972,337"
County Total,"1,165,927","1,162,336","1,149,841","1,145,274","1,146,626"
Del Norte County,,,,,
Crescent City       ,"6,732","6,327","6,030","5,763","5,564"
Balance Of County    ,"21,011","21,123","20,952","20,823","20,781"
Incorporated,"6,732","6,327","6,030","5,763","5,564"
County Total,"27,743","27,450","26,982","26,586","26,345"
El Dorado County,,,,,
Placerville         ,"10,820","10,637","10,583","10,527","10,540"
South Lake Tahoe    ,"21,424","21,285","20,939","20,703","20,790"
Balance Of County    ,"158,941","158,815","157,772","156,837","157,253"
Incorporated,"32,244","31,922","31,522","31,230","31,330"
County Total,"191,185","190,737","189,294","188,067","188,583"
Fresno County,,,,,
Clovis              ,"119,950","121,509","123,486","124,361","126,133"
Coalinga            ,"18,038","17,537","17,292","17,191","17,107"
Firebaugh           ,"8,092","8,140","8,413","8,480","8,415"
Fowler              ,"6,702","6,839","6,938","7,163","7,367"
Fresno              ,"542,206","542,067","542,992","543,087","546,971"
Huron               ,"6,130","6,178","6,169","6,119","6,348"
Kerman              ,"16,004","16,049","16,616","16,950","17,256"
Kingsburg           ,"12,384","12,494","12,488","12,908","13,042"
Mendota             ,"12,585","12,547","12,486","12,462","12,531"
Orange Cove         ,"9,617","9,594","9,529","9,453","9,516"
Parlier             ,"14,567","14,524","14,465","14,382","14,368"
Reedley             ,"24,920","24,974","24,997","25,376","25,653"
Sanger              ,"26,573","26,631","26,372","26,286","26,357"
San Joaquin         ,"3,698","3,682","3,650","3,620","3,616"
Selma               ,"24,713","24,634","24,475","24,395","24,371"
Balance Of County    ,"162,475","160,803","159,809","158,681","158,380"
Incorporated,"846,179","847,399","850,368","852,233","859,051"
County Total,"1,008,654","1,008,202","1,010,177","1,010,914","1,017,431"
Glenn County,,,,,
Orland              ,"8,239","8,317","8,272","8,141","8,537"
Willows             ,"6,395","6,348","6,431","6,317","6,321"
Balance Of County    ,"14,283","14,147","14,074","13,872","13,878"
Incorporated,"14,634","14,665","14,703","14,458","14,858"
County Total,"28,917","28,812","28,777","28,330","28,736"
Humboldt County,,,,,
Arcata              ,"18,547","17,632","17,987","18,830","18,540"
Blue Lake           ,"1,205","1,180","1,176","1,164","1,149"
Eureka              ,"26,972","26,974","26,519","26,283","26,073"
Ferndale            ,"1,394","1,386","1,369","1,376","1,356"
Fortuna             ,"12,530","12,460","12,317","12,318","12,181"
Rio Dell            ,"3,390","3,361","3,313","3,290","3,241"
Trinidad            ,307,305,300,298,294
Balance Of County    ,"72,118","71,832","71,186","71,038","70,266"
Incorporated,"64,345","63,298","62,981","63,559","62,834"
County Total,"136,463","135,130","134,167","134,597","133,100"
Imperial County,,,,,
Brawley             ,"26,492","26,750","27,058","27,633","28,345"
Calexico            ,"38,710","39,064","38,873","38,606","39,262"
Calipatria          ,"6,534","6,546","6,448","6,063","6,342"
El Centro           ,"44,808","45,053","44,692","44,346","44,952"
Holtville           ,"5,528","5,527","5,589","5,513","5,583"
Imperial            ,"20,320","20,842","21,606","21,583","22,141"
Westmorland         ,"2,020","2,025","2,012","1,993","2,050"
Balance Of County    ,"35,290","34,596","34,116","33,886","34,206"
Incorporated,"144,412","145,807","146,278","145,737","148,675"
County Total,"179,702","180,403","180,394","179,623","182,881"
Inyo County,,,,,
Bishop              ,"3,855","3,877","3,858","3,853","3,848"
Balance Of County    ,"15,161","15,104","15,058","15,037","15,008"
Incorporated,"3,855","3,877","3,858","3,853","3,848"
County Total,"19,016","18,981","18,916","18,890","18,856"
Kern County,,,,,
Arvin               ,"19,761","19,765","19,578","19,460","19,651"
Bakersfield         ,"403,103","404,716","407,592","407,835","411,109"
California City     ,"15,018","14,996","15,011","14,822","13,079"
Delano              ,"51,456","49,729","50,957","51,841","52,484"
Maricopa            ,"1,026","1,027","1,013","1,004","1,004"
Mcfarland           ,"14,184","14,027","13,900","13,765","13,965"
Ridgecrest          ,"27,890","27,994","27,982","27,745","27,940"
Shafter             ,"19,946","19,929","20,461","21,309","22,226"
Taft                ,"8,571","7,353","6,990","6,944","6,953"
Tehachapi           ,"13,041","12,306","12,442","11,978","11,092"
Wasco               ,"27,113","25,359","26,822","26,827","27,028"
Balance Of County    ,"308,126","308,169","305,438","302,635","303,769"
Incorporated,"601,109","597,201","602,748","603,530","606,531"
County Total,"909,235","905,370","908,186","906,165","910,300"
Kings County,,,,,
Avenal              ,"13,694","12,751","13,154","13,398","13,981"
Corcoran            ,"21,626","20,798","21,991","21,437","21,633"
Hanford             ,"58,123","58,706","58,260","59,034","59,286"
Lemoore             ,"27,032","27,230","26,968","26,929","26,855"
Balance Of County    ,"32,011","31,672","31,281","30,831","30,872"
Incorporated,"120,475","119,485","120,373","120,798","121,755"
County Total,"152,486","151,157","151,654","151,629","152,627"
Lake County,,,,,
Clearlake           ,"16,870","16,662","16,636","16,367","16,553"
Lakeport            ,"4,958","4,920","5,040","4,976","4,982"
Balance Of County    ,"46,335","46,196","45,921","45,355","45,466"
Incorporated,"21,828","21,582","21,676","21,343","21,535"
County Total,"68,163","67,778","67,597","66,698","67,001"
Lassen County,,,,,
Susanville          ,"16,233","14,370","13,011","11,790","11,639"
Balance Of County    ,"16,497","16,621","16,798","16,586","16,558"
Incorporated,"16,233","14,370","13,011","11,790","11,639"
County Total,"32,730","30,991","29,809","28,376","28,197"
Los Angeles County,,,,,
Agoura Hills        ,"20,232","20,149","19,885","19,928","19,841"
Alhambra            ,"82,621","82,471","81,883","81,774","81,811"
Arcadia             ,"56,877","56,579","56,146","55,855","55,783"
Artesia             ,"16,397","16,265","16,158","16,053","16,019"
Avalon              ,"3,443","3,426","3,354","3,332","3,313"
Azusa               ,"50,249","50,069","49,454","49,595","49,420"
Baldwin Park        ,"72,036","71,700","70,994","70,700","70,660"
Bell                ,"34,134","34,022","33,574","33,414","33,301"
Bellflower          ,"78,856","78,466","77,553","77,014","76,990"
Bell Gardens        ,"39,491","39,265","38,814","38,569","38,381"
Beverly Hills       ,"32,699","32,572","32,157","31,950","31,806"
Bradbury            ,920,906,901,905,898
Burbank             ,"107,171","106,503","105,735","105,484","105,603"
Calabasas           ,"23,225","23,325","23,030","22,857","22,742"
Carson              ,"93,815","93,364","92,785","92,403","91,924"
Cerritos            ,"49,361","49,091","48,470","48,063","47,806"
Claremont           ,"38,334","38,251","37,877","37,673","37,686"
Commerce            ,"12,375","12,320","12,152","12,055","12,124"
Compton             ,"96,091","95,531","94,394","94,016","93,671"
Covina              ,"51,300","51,123","50,633","50,390","50,485"
Cudahy              ,"22,773","22,643","22,394","22,327","22,210"
Culver City         ,"40,435","40,282","40,071","39,859","40,213"
Diamond Bar         ,"54,955","54,610","54,015","53,566","53,335"
Downey              ,"113,918","113,434","112,212","111,656","111,493"
Duarte              ,"21,670","21,680","21,377","22,958","23,656"
El Monte            ,"109,148","108,484","107,381","106,697","106,786"
El Segundo          ,"17,313","17,232","17,057","16,978","16,964"
Gardena             ,"60,905","60,555","60,052","59,896","60,028"
Glendale            ,"195,898","194,981","193,256","192,072","191,586"
Glendora            ,"52,504","52,304","51,665","51,374","51,209"
Hawaiian Gardens    ,"13,946","13,840","13,704","13,600","13,560"
Hawthorne           ,"87,991","87,505","86,539","85,886","85,566"
Hermosa Beach       ,"19,710","19,450","19,340","19,169","19,088"
Hidden Hills        ,"1,723","1,741","1,732","1,724","1,727"
Huntington Park     ,"54,714","54,434","53,767","53,384","53,219"
Industry            ,431,430,428,427,426
Inglewood           ,"108,511","108,033","107,053","106,628","106,065"
Irwindale           ,"1,500","1,495","1,497","1,488","1,499"
La Canada Flintridge,"20,541","20,442","20,171","20,089","20,048"
La Habra Heights    ,"5,654","5,633","5,560","5,513","5,488"
Lakewood            ,"82,293","81,924","80,922","80,365","80,162"
La Mirada           ,"49,309","49,133","48,623","48,271","48,077"
Lancaster           ,"175,077","174,754","173,267","172,460","172,631"
La Puente           ,"38,008","37,785","37,686","37,530","37,459"
La Verne            ,"32,430","32,265","31,897","31,678","31,697"
Lawndale            ,"31,778","31,627","31,249","31,026","30,855"
Lomita              ,"20,931","20,808","20,563","20,397","20,320"
Long Beach          ,"464,284","460,570","460,639","459,630","458,813"
Los Angeles         ,"3,898,536","3,871,886","3,822,940","3,804,420","3,814,318"
Lynwood             ,"68,552","67,277","66,653","66,424","66,271"
Malibu              ,"10,736","10,665","10,648","10,640","10,621"
Manhattan Beach     ,"35,462","34,979","34,772","34,367","34,195"
Maywood             ,"25,128","25,019","24,749","24,572","24,451"
Monrovia            ,"37,850","37,963","37,725","37,563","38,087"
Montebello          ,"62,656","62,480","61,739","61,730","61,930"
Monterey Park       ,"61,087","60,518","60,044","59,599","59,347"
Norwalk             ,"103,414","102,680","101,966","101,496","101,172"
Palmdale            ,"169,281","168,452","166,845","166,089","166,055"
Palos Verdes Estates,"13,352","13,267","13,121","13,031","12,974"
Paramount           ,"53,467","53,271","52,583","52,331","52,153"
Pasadena            ,"139,998","139,402","138,779","138,187","139,692"
Pico Rivera         ,"62,132","61,773","61,363","61,014","60,820"
Pomona              ,"152,790","149,685","150,928","151,132","152,166"
Rancho Palos Verdes ,"42,209","41,779","41,487","41,123","40,919"
Redondo Beach       ,"70,221","69,626","68,984","68,424","68,239"
Rolling Hills       ,"1,737","1,711","1,704","1,686","1,677"
Rolling Hills Estates,"8,270","8,511","8,514","8,495","8,534"
Rosemead            ,"51,089","50,646","50,527","50,503","50,541"
San Dimas           ,"34,802","34,672","34,273","34,027","33,920"
San Fernando        ,"23,656","23,636","23,634","23,633","23,643"
San Gabriel         ,"39,452","39,050","38,832","38,648","38,613"
San Marino          ,"12,548","12,409","12,418","12,350","12,379"
Santa Clarita       ,"228,333","228,705","228,876","231,045","230,428"
Santa Fe Springs    ,"18,768","18,656","18,827","18,703","18,640"
Santa Monica        ,"93,275","93,413","92,415","92,598","92,912"
Sierra Madre        ,"11,176","11,054","11,000","10,925","10,909"
Signal Hill         ,"11,759","11,647","11,569","11,488","11,448"
South El Monte      ,"19,536","19,521","19,601","19,482","19,441"
South Gate          ,"92,426","92,864","93,229","92,701","92,729"
South Pasadena      ,"26,956","26,668","26,487","26,367","26,270"
Temple City         ,"36,542","36,442","36,162","36,040","35,975"
Torrance            ,"146,820","145,989","144,406","143,433","142,910"
Vernon              ,211,212,208,206,205
Walnut              ,"28,430","28,330","27,998","27,896","27,867"
West Covina         ,"109,575","109,248","107,890","108,404","109,105"
West Hollywood      ,"35,687","35,538","35,282","35,229","35,075"
Westlake Village    ,"8,145","8,108","8,008","7,938","7,902"
Whittier            ,"87,829","87,590","87,572","87,333","87,527"
Balance Of County    ,"1,022,139","1,016,631","1,006,669","999,362","997,587"
Incorporated,"8,991,870","8,938,814","8,854,824","8,819,950","8,826,504"
County Total,"10,014,009","9,955,445","9,861,493","9,819,312","9,824,091"
Madera County,,,,,
Chowchilla          ,"19,270","18,267","18,699","18,775","18,930"
Madera              ,"66,157","66,621","66,320","66,269","66,560"
Balance Of County    ,"70,828","71,094","72,021","72,865","73,838"
Incorporated,"85,427","84,888","85,019","85,044","85,490"
County Total,"156,255","155,982","157,040","157,909","159,328"
Marin County,,,,,
Belvedere           ,"2,124","2,104","2,072","2,046","2,043"
Corte Madera        ,"10,211","10,167","9,965","9,926","9,882"
Fairfax             ,"7,595","7,533","7,430","7,399","7,371"
Larkspur            ,"13,080","12,998","12,744","12,638","12,655"
Mill Valley         ,"14,131","13,998","13,801","13,695","13,635"
Novato              ,"53,166","52,960","52,031","51,694","51,140"
Ross                ,"2,336","2,333","2,282","2,278","2,272"
San Anselmo         ,"12,785","12,738","12,499","12,443","12,426"
San Rafael          ,"61,597","61,265","60,161","59,855","59,585"
Sausalito           ,"7,119","7,120","6,950","6,894","6,856"
Tiburon             ,"9,133","9,112","8,905","8,841","8,809"
Balance Of County    ,"69,044","67,393","66,619","66,263","66,170"
Incorporated,"193,277","192,328","188,840","187,709","186,674"
County Total,"262,321","259,721","255,459","253,972","252,844"
Mariposa County,,,,,
County Total,"17,131","17,070","16,988","16,968","16,966"
Mendocino County,,,,,
Fort Bragg          ,"7,062","7,031","7,109","7,027","7,179"
Point Arena         ,460,456,454,447,445
Ukiah               ,"16,602","16,324","16,349","16,176","16,108"
Willits             ,"4,947","4,968","4,889","4,835","4,830"
Balance Of County    ,"62,530","62,131","61,426","61,071","60,914"
Incorporated,"29,071","28,779","28,801","28,485","28,562"
County Total,"91,601","90,910","90,227","89,556","89,476"
Merced County,,,,,
Atwater             ,"31,757","31,903","31,605","31,390","31,397"
Dos Palos           ,"5,795","5,798","5,691","5,634","5,633"
Gustine             ,"6,079","6,085","5,980","5,940","5,936"
Livingston          ,"14,094","14,277","14,377","14,273","14,286"
Los Banos           ,"45,347","46,215","46,787","47,300","47,419"
Merced              ,"86,285","87,581","88,684","90,120","91,837"
Balance Of County    ,"91,845","89,085","90,914","90,536","90,795"
Incorporated,"189,357","191,859","193,124","194,657","196,508"
County Total,"281,202","280,944","284,038","285,193","287,303"
Modoc County,,,,,
Alturas             ,"2,720","2,705","2,691","2,664","2,659"
Balance Of County    ,"5,980","5,903","5,856","5,837","5,825"
Incorporated,"2,720","2,705","2,691","2,664","2,659"
County Total,"8,700","8,608","8,547","8,501","8,484"
Mono County,,,,,
Mammoth Lakes       ,"7,220","7,301","7,182","7,305","7,110"
Balance Of County    ,"5,975","5,890","5,805","5,888","5,751"
Incorporated,"7,220","7,301","7,182","7,305","7,110"
County Total,"13,195","13,191","12,987","13,193","12,861"
Monterey County,,,,,
Carmel-By-The-Sea   ,"3,168","3,123","3,115","3,105","3,122"
Del Rey Oaks        ,"1,579","1,570","1,560","1,559","1,569"
Gonzales            ,"8,548","8,536","8,404","8,384","8,466"
Greenfield          ,"18,782","18,863","19,853","20,155","20,561"
King City           ,"13,395","13,530","13,419","13,968","14,216"
Marina              ,"21,738","21,410","21,646","22,269","22,695"
Monterey            ,"28,474","28,539","28,332","27,189","27,106"
Pacific Grove       ,"14,978","14,968","14,846","14,872","14,966"
Salinas             ,"161,776","161,835","160,587","160,870","162,037"
Sand City           ,368,378,375,378,379
Seaside             ,"32,731","31,456","32,390","30,187","30,197"
Soledad             ,"27,550","26,670","26,730","26,462","26,966"
Balance Of County    ,"105,948","105,925","104,776","104,555","105,334"
Incorporated,"333,087","330,878","331,257","329,398","332,280"
County Total,"439,035","436,803","436,033","433,953","437,614"
Napa County,,,,,
American Canyon     ,"21,623","21,523","21,641","21,379","21,758"
Calistoga           ,"5,237","5,261","5,148","5,127","5,142"
Napa                ,"77,920","78,560","77,637","77,074","77,174"
St Helena           ,"5,396","5,393","5,299","5,284","5,314"
Yountville          ,"2,985","2,934","2,801","2,766","2,781"
Balance Of County    ,"24,858","23,457","23,038","22,878","22,860"
Incorporated,"113,161","113,671","112,526","111,630","112,169"
County Total,"138,019","137,128","135,564","134,508","135,029"
Nevada County,,,,,
Grass Valley        ,"13,610","13,558","13,516","13,478","13,400"
Nevada City         ,"3,348","3,323","3,276","3,350","3,347"
Truckee             ,"16,768","16,767","16,775","16,702","16,778"
Balance Of County    ,"68,515","68,337","67,513","66,944","66,652"
Incorporated,"33,726","33,648","33,567","33,530","33,525"
County Total,"102,241","101,985","101,080","100,474","100,177"
Orange County,,,,,
Aliso Viejo,"51,794","51,528","50,911","50,284","50,068"
Anaheim             ,"346,359","345,618","341,650","339,175","340,160"
Brea                ,"47,188","47,088","46,681","47,886","47,725"
Buena Park          ,"84,211","83,765","83,122","82,632","82,689"
Costa Mesa          ,"112,499","112,093","111,060","109,765","109,423"
Cypress             ,"50,355","50,097","49,719","49,291","49,345"
Dana Point          ,"33,139","33,037","32,822","32,721","32,596"
Fountain Valley     ,"57,126","57,302","56,651","56,233","56,333"
Fullerton           ,"143,876","141,614","141,929","140,756","140,311"
Garden Grove        ,"171,947","171,321","170,388","169,046","171,024"
Huntington Beach    ,"198,325","197,081","195,359","193,078","192,503"
Irvine              ,"308,104","301,365","309,841","311,537","314,550"
Laguna Beach        ,"22,988","22,808","22,681","22,433","22,449"
Laguna Hills        ,"31,369","31,048","30,839","30,442","30,315"
Laguna Niguel       ,"64,493","65,482","64,641","63,865","64,291"
Laguna Woods,"17,744","17,624","17,442","17,222","17,148"
La Habra            ,"62,737","62,357","61,700","61,028","60,901"
Lake Forest         ,"85,953","86,330","86,455","86,311","86,917"
La Palma            ,"15,573","15,494","15,315","15,131","15,071"
Los Alamitos        ,"11,887","11,873","11,827","11,970","11,947"
Mission Viejo       ,"93,600","93,080","92,175","91,221","91,304"
Newport Beach       ,"85,096","84,528","83,571","82,707","82,419"
Orange              ,"140,693","139,229","138,944","138,842","138,621"
Placentia           ,"51,776","51,548","51,036","52,182","52,226"
Rancho Santa Margarita,"47,915","47,667","47,092","46,507","46,305"
San Clemente        ,"64,103","63,845","63,146","62,481","62,297"
San Juan Capistrano ,"34,963","34,889","34,670","34,627","34,992"
Santa Ana           ,"310,182","311,541","308,205","308,041","310,797"
Seal Beach          ,"25,298","25,021","24,868","24,447","24,350"
Stanton             ,"37,649","38,190","39,115","38,914","40,297"
Tustin              ,"80,342","80,117","79,243","78,515","78,844"
Villa Park          ,"5,859","5,829","5,759","5,716","5,705"
Westminster         ,"90,934","90,937","90,236","89,400","89,490"
Yorba Linda         ,"68,047","67,727","66,985","66,268","66,087"
Balance Of County    ,"132,865","133,279","131,993","130,391","131,335"
Incorporated,"3,054,124","3,039,073","3,026,078","3,010,674","3,019,500"
County Total,"3,186,989","3,172,352","3,158,071","3,141,065","3,150,835"
Placer County,,,,,
Auburn              ,"13,767","13,706","13,523","13,344","13,218"
Colfax              ,"1,999","2,000","2,024","2,010","1,988"
Lincoln             ,"49,683","50,165","50,977","52,296","53,231"
Loomis              ,"6,807","6,776","6,678","6,597","6,601"
Rocklin             ,"71,564","71,640","71,607","71,420","71,609"
Roseville           ,"147,104","148,506","150,626","152,726","154,329"
Balance Of County    ,"113,815","113,650","112,104","111,692","111,868"
Incorporated,"290,924","292,793","295,435","298,393","300,976"
County Total,"404,739","406,443","407,539","410,085","412,844"
Plumas County,,,,,
Portola             ,"2,111","2,101","2,135","2,099","2,075"
Balance Of County    ,"17,679","17,525","17,119","16,894","16,766"
Incorporated,"2,111","2,101","2,135","2,099","2,075"
County Total,"19,790","19,626","19,254","18,993","18,841"
Riverside County,,,,,
Banning             ,"30,595","30,535","30,744","31,046","31,213"
Beaumont            ,"53,275","53,920","54,208","56,275","57,416"
Blythe              ,"18,778","17,362","17,418","17,224","17,378"
Calimesa            ,"10,020","10,589","10,930","10,909","10,867"
Canyon Lake         ,"11,060","11,044","10,932","10,846","10,832"
Cathedral City      ,"51,319","51,540","51,383","51,045","50,911"
Coachella           ,"41,866","41,856","41,783","42,179","43,173"
Corona              ,"156,670","157,202","156,879","156,268","156,615"
Desert Hot Springs  ,"32,389","32,208","32,276","32,380","32,654"
Eastvale,"69,685","70,401","69,797","69,123","68,884"
Hemet               ,"89,252","89,170","88,856","89,333","89,663"
Indian Wells        ,"4,755","4,740","4,765","4,733","4,797"
Indio               ,"88,722","88,973","89,226","89,978","90,680"
Jurupa Valley,"104,801","105,120","105,117","104,599","104,721"
Lake Elsinore       ,"70,370","70,951","71,586","71,351","71,452"
La Quinta           ,"37,473","37,660","37,523","37,824","38,370"
Menifee,"102,383","104,230","107,120","109,401","111,560"
Moreno Valley       ,"208,069","208,008","207,549","206,903","207,146"
Murrieta            ,"110,706","110,916","110,291","109,364","109,177"
Norco               ,"26,628","24,640","24,957","24,893","25,068"
Palm Desert         ,"50,655","50,590","50,439","50,274","50,889"
Palm Springs        ,"44,169","44,235","44,007","43,802","43,791"
Perris              ,"78,550","78,724","78,191","78,424","79,311"
Rancho Mirage       ,"16,574","16,519","16,787","16,868","16,992"
Riverside           ,"317,624","313,145","317,821","315,747","316,690"
San Jacinto         ,"53,791","54,100","54,108","53,746","53,538"
Temecula            ,"109,731","109,676","109,071","108,173","108,700"
Wildomar,"36,691","36,646","36,306","36,093","36,327"
Balance Of County    ,"391,584","394,465","397,762","399,779","403,563"
Incorporated,"2,026,601","2,024,700","2,030,070","2,028,801","2,038,815"
County Total,"2,418,185","2,419,165","2,427,832","2,428,580","2,442,378"
Sacramento County,,,,,
Citrus Heights,"87,721","87,207","86,071","86,056","85,554"
Elk Grove,"176,349","176,644","176,469","177,446","178,679"
Folsom              ,"82,908","83,076","84,365","85,698","88,023"
Galt                ,"25,469","25,295","25,162","25,608","25,785"
Isleton             ,795,786,778,772,767
Rancho Cordova,"79,144","79,669","80,378","81,604","82,109"
Sacramento          ,"520,252","518,067","516,529","519,466","520,407"
Balance Of County    ,"612,417","609,376","602,502","599,989","597,614"
Incorporated,"972,638","970,744","969,752","976,650","981,324"
County Total,"1,585,055","1,580,120","1,572,254","1,576,639","1,578,938"
San Benito County,,,,,
Hollister           ,"41,675","41,860","42,681","42,547","42,872"
San Juan Bautista   ,"2,084","2,085","2,068","2,032","2,032"
Balance Of County    ,"20,450","20,697","20,893","20,586","20,949"
Incorporated,"43,759","43,945","44,749","44,579","44,904"
County Total,"64,209","64,642","65,642","65,165","65,853"
San Bernardino County,,,,,
Adelanto            ,"36,620","36,700","36,382","36,422","36,131"
Apple Valley        ,"75,917","75,951","75,197","74,500","74,322"
Barstow             ,"25,534","25,409","25,094","24,759","24,669"
Big Bear Lake       ,"5,041","4,975","5,008","4,948","4,958"
Chino               ,"91,436","90,314","92,240","92,546","92,585"
Chino Hills         ,"78,378","78,221","77,519","76,547","76,414"
Colton              ,"53,757","53,891","53,496","52,841","52,778"
Fontana             ,"208,482","210,389","212,741","212,772","214,223"
Grand Terrace       ,"13,126","13,053","12,966","12,793","12,771"
Hesperia            ,"99,756","99,767","99,741","99,338","100,087"
Highland            ,"56,865","56,758","56,223","55,612","55,676"
Loma Linda          ,"24,943","25,137","25,102","24,960","24,965"
Montclair           ,"38,017","37,966","37,647","37,246","37,211"
Needles             ,"4,924","4,885","4,847","4,780","4,769"
Ontario             ,"175,297","176,070","178,564","179,555","181,224"
Rancho Cucamonga    ,"174,253","174,111","173,896","172,344","173,316"
Redlands            ,"73,049","73,008","72,453","71,776","72,696"
Rialto              ,"104,013","103,764","103,362","102,367","103,097"
San Bernardino      ,"223,120","221,295","220,397","225,620","226,541"
Twentynine Palms    ,"28,277","27,420","27,575","25,787","25,346"
Upland              ,"78,864","78,616","78,687","77,849","78,285"
Victorville         ,"134,754","134,649","136,034","136,346","138,202"
Yucaipa             ,"54,705","54,680","54,184","53,635","53,810"
Yucca Valley        ,"21,767","21,863","21,693","21,509","21,594"
Balance Of County    ,"300,759","300,114","298,797","295,842","295,763"
Incorporated,"1,880,895","1,878,892","1,881,048","1,876,852","1,885,670"
County Total,"2,181,654","2,179,006","2,179,845","2,172,694","2,181,433"
San Diego County,,,,,
Carlsbad            ,"115,029","115,373","115,033","115,045","114,319"
Chula Vista         ,"275,127","275,498","275,427","276,813","278,247"
Coronado            ,"23,504","22,415","22,082","22,272","21,589"
Del Mar             ,"3,951","3,927","3,909","3,918","3,919"
El Cajon            ,"106,321","106,112","105,171","104,804","104,180"
Encinitas           ,"61,506","61,593","61,283","61,254","61,028"
Escondido           ,"151,289","151,371","150,419","150,571","150,002"
Imperial Beach      ,"26,577","26,336","26,163","26,109","26,096"
La Mesa             ,"60,637","60,620","60,412","60,753","60,620"
Lemon Grove         ,"27,386","27,333","27,109","27,517","27,568"
National City       ,"58,643","58,524","58,545","58,374","58,555"
Oceanside           ,"173,283","173,354","172,463","172,186","171,483"
Poway               ,"48,781","48,637","48,515","48,620","49,273"
San Diego           ,"1,383,020","1,377,960","1,375,687","1,383,623","1,385,379"
San Marcos          ,"94,287","93,456","93,851","94,823","95,998"
Santee              ,"59,654","59,140","58,886","59,574","59,195"
Solana Beach        ,"12,931","12,890","12,792","12,831","12,887"
Vista               ,"98,690","99,320","99,997","100,113","99,723"
Balance Of County    ,"518,018","513,021","510,986","511,223","511,040"
Incorporated,"2,780,616","2,773,859","2,767,744","2,779,200","2,780,061"
County Total,"3,298,634","3,286,880","3,278,730","3,290,423","3,291,101"
San Francisco County,,,,,
San Francisco,"873,965","855,338","840,575","842,224","843,071"
San Joaquin County,,,,,
Escalon             ,"7,444","7,416","7,333","7,244","7,249"
Lathrop             ,"28,681","29,728","31,689","35,138","37,033"
Lodi                ,"66,128","65,917","66,309","66,164","66,492"
Manteca             ,"83,529","84,895","86,714","88,552","90,917"
Ripon               ,"15,988","16,106","15,908","15,726","15,741"
Stockton            ,"320,290","319,882","318,477","315,685","317,204"
Tracy               ,"92,959","93,774","94,774","95,341","96,609"
Balance Of County    ,"164,214","162,602","160,959","160,053","160,163"
Incorporated,"615,019","617,718","621,204","623,850","631,245"
County Total,"779,233","780,320","782,163","783,903","791,408"
San Luis Obispo County,,,,,
Arroyo Grande       ,"18,347","18,396","18,137","18,039","17,941"
Atascadero          ,"30,800","30,582","30,226","30,323","30,279"
El Paso De Robles   ,"31,383","31,403","30,906","30,792","30,907"
Grover Beach        ,"12,789","12,763","12,622","12,542","12,481"
Morro Bay           ,"10,557","10,602","10,378","10,315","10,261"
Pismo Beach         ,"8,054","8,015","7,911","7,869","7,846"
San Luis Obispo     ,"46,986","47,326","47,394","48,249","48,684"
Balance Of County    ,"123,508","119,650","121,865","121,689","120,070"
Incorporated,"158,916","159,087","157,574","158,129","158,399"
County Total,"282,424","278,737","279,439","279,818","278,469"
San Mateo County,,,,,
Atherton            ,"7,182","7,105","6,949","6,972","6,976"
Belmont             ,"28,126","27,824","27,159","27,180","26,931"
Brisbane            ,"4,851","4,794","4,678","4,695","4,661"
Burlingame          ,"31,243","30,809","30,083","30,410","30,513"
Colma               ,"1,482","1,462","1,426","1,426","1,410"
Daly City           ,"104,836","104,313","102,196","102,513","101,458"
East Palo Alto      ,"30,034","29,662","28,898","28,957","29,078"
Foster City         ,"33,686","33,394","32,785","32,921","32,581"
Half Moon Bay       ,"11,751","11,589","11,317","11,328","11,238"
Hillsborough        ,"11,373","11,270","11,062","11,137","11,116"
Menlo Park          ,"34,145","33,756","32,942","32,943","33,140"
Millbrae            ,"23,321","23,001","22,474","22,687","23,093"
Pacifica            ,"38,675","38,166","37,224","37,393","37,062"
Portola Valley      ,"4,437","4,379","4,269","4,283","4,249"
Redwood City        ,"83,454","81,963","81,700","82,144","81,863"
San Bruno           ,"44,001","43,424","42,470","42,550","42,152"
San Carlos          ,"30,738","30,389","29,708","29,700","29,420"
San Mateo           ,"105,717","105,630","103,618","104,180","103,352"
South San Francisco ,"66,258","65,473","64,209","64,765","64,601"
Woodside            ,"5,307","5,258","5,146","5,176","5,133"
Balance Of County    ,"63,825","62,975","61,738","61,942","61,538"
Incorporated,"700,617","693,661","680,313","683,360","680,027"
County Total,"764,442","756,636","742,051","745,302","741,565"
Santa Barbara County,,,,,
Buellton            ,"5,144","5,136","5,009","4,968","4,970"
Carpinteria         ,"13,141","13,082","12,842","12,734","12,744"
Goleta,"32,661","32,995","32,296","32,503","32,515"
Guadalupe           ,"8,031","8,572","8,496","8,582","8,676"
Lompoc              ,"44,545","43,841","43,654","43,591","43,610"
Santa Barbara       ,"87,408","87,862","85,847","85,382","85,679"
Santa Maria         ,"109,544","110,387","109,348","109,687","110,608"
Solvang             ,"5,814","5,819","5,658","5,660","5,663"
Balance Of County    ,"141,941","133,858","139,924","139,235","139,158"
Incorporated,"306,288","307,694","303,150","303,107","304,465"
County Total,"448,229","441,552","443,074","442,342","443,623"
Santa Clara County,,,,,
Campbell            ,"43,727","43,460","43,201","43,191","43,095"
Cupertino           ,"60,338","60,031","59,644","59,656","59,471"
Gilroy              ,"59,888","60,082","59,786","60,548","61,033"
Los Altos           ,"31,553","31,476","31,269","31,316","31,255"
Los Altos Hills     ,"8,473","8,442","8,442","8,477","8,476"
Los Gatos           ,"33,445","33,336","33,138","33,368","33,230"
Milpitas            ,"81,725","80,512","80,923","81,635","81,773"
Monte Sereno        ,"3,476","3,474","3,494","3,564","3,582"
Morgan Hill         ,"45,283","46,480","46,233","46,333","46,384"
Mountain View       ,"81,875","83,489","84,199","84,463","86,535"
Palo Alto           ,"68,253","68,046","67,905","68,112","67,973"
San Jose            ,"1,012,452","993,937","969,249","970,772","969,491"
Santa Clara         ,"127,874","130,059","130,460","132,386","132,048"
Saratoga            ,"31,091","30,881","30,773","30,845","30,819"
Sunnyvale           ,"155,335","155,732","156,200","157,187","157,566"
Balance Of County    ,"91,471","84,342","90,836","90,946","90,467"
Incorporated,"1,844,788","1,829,437","1,804,916","1,811,853","1,812,731"
County Total,"1,936,259","1,913,779","1,895,752","1,902,799","1,903,198"
Santa Cruz County,,,,,
Capitola            ,"9,859","10,024","9,609","9,558","9,497"
Santa Cruz          ,"64,695","57,112","62,809","62,929","62,776"
Scotts Valley       ,"12,069","12,258","11,943","11,872","11,816"
Watsonville         ,"51,809","52,315","51,096","50,820","51,032"
Balance Of County    ,"132,429","133,824","129,038","128,159","127,451"
Incorporated,"138,432","131,709","135,457","135,179","135,121"
County Total,"270,861","265,533","264,495","263,338","262,572"
Shasta County,,,,,
Anderson            ,"11,171","11,167","11,092","10,994","10,943"
Redding             ,"93,746","93,536","92,682","92,164","92,446"
Shasta Lake         ,"10,342","10,299","10,241","10,162","10,131"
Balance Of County    ,"66,896","66,481","66,191","65,802","65,675"
Incorporated,"115,259","115,002","114,015","113,320","113,520"
County Total,"182,155","181,483","180,206","179,122","179,195"
Sierra County,,,,,
Loyalton            ,738,746,733,727,724
Balance Of County    ,"2,498","2,479","2,472","2,460","2,447"
Incorporated,738,746,733,727,724
County Total,"3,236","3,225","3,205","3,187","3,171"
Siskiyou County,,,,,
Dorris              ,858,862,841,838,836
Dunsmuir            ,"1,703","1,691","1,669","1,658","1,651"
Etna                ,684,684,670,667,665
Fort Jones          ,694,690,679,676,674
Montague            ,"1,229","1,229","1,207","1,202","1,199"
Mount Shasta        ,"3,241","3,237","3,185","3,211","3,203"
Tulelake            ,900,881,879,872,870
Weed                ,"2,919","2,837","2,811","2,692","2,710"
Yreka               ,"7,774","7,787","7,725","7,820","7,805"
Balance Of County    ,"24,074","24,007","23,905","23,843","23,796"
Incorporated,"20,002","19,898","19,666","19,636","19,613"
County Total,"44,076","43,905","43,571","43,479","43,409"
Solano County,,,,,
Benicia             ,"27,082","26,904","26,538","26,255","26,033"
Dixon               ,"18,959","18,992","18,998","19,060","19,403"
Fairfield           ,"120,447","119,990","119,395","120,036","120,339"
Rio Vista           ,"9,988","9,960","9,875","9,969","10,004"
Suisun City         ,"29,454","29,208","28,848","28,543","28,840"
Vacaville           ,"102,229","101,702","101,571","101,272","102,173"
Vallejo             ,"125,936","124,898","123,547","122,220","121,558"
Balance Of County    ,"19,396","18,468","18,255","18,151","18,076"
Incorporated,"434,095","431,654","428,772","427,355","428,350"
County Total,"453,491","450,122","447,027","445,506","446,426"
Sonoma County,,,,,
Cloverdale          ,"9,009","9,009","8,851","8,808","8,710"
Cotati              ,"7,581","7,546","7,397","7,381","7,303"
Healdsburg          ,"11,308","11,195","11,059","11,020","10,985"
Petaluma            ,"59,828","59,450","58,429","58,457","58,445"
Rohnert Park        ,"44,072","44,109","43,649","43,838","43,821"
Santa Rosa          ,"178,059","177,623","175,007","175,013","174,890"
Sebastopol          ,"7,523","7,477","7,418","7,366","7,295"
Sonoma              ,"10,770","10,731","10,714","10,636","10,532"
Windsor             ,"26,217","26,100","25,784","25,628","25,394"
Balance Of County    ,"134,496","131,219","131,346","131,298","130,777"
Incorporated,"354,367","353,240","348,308","348,147","347,375"
County Total,"488,863","484,459","479,654","479,445","478,152"
Stanislaus County,,,,,
Ceres               ,"50,230","49,902","49,517","49,035","49,319"
Hughson             ,"7,469","7,488","7,466","7,539","7,711"
Modesto             ,"218,880","218,686","217,304","216,734","217,862"
Newman              ,"12,356","12,334","12,218","12,103","12,121"
Oakdale             ,"23,171","23,169","23,138","22,942","23,008"
Patterson           ,"23,695","23,679","24,254","24,426","24,790"
Riverbank           ,"24,810","24,791","24,572","24,614","25,006"
Turlock             ,"72,078","71,441","71,228","70,885","71,273"
Waterford           ,"9,099","9,031","8,998","9,103","9,110"
Balance Of County    ,"111,090","110,821","109,520","108,372","108,544"
Incorporated,"441,788","440,521","438,695","437,381","440,200"
County Total,"552,878","551,342","548,215","545,753","548,744"
Sutter County,,,,,
Live Oak            ,"9,159","9,208","9,395","9,448","9,668"
Yuba City           ,"70,181","69,739","69,667","68,984","70,256"
Balance Of County    ,"20,293","20,142","20,091","19,816","20,186"
Incorporated,"79,340","78,947","79,062","78,432","79,924"
County Total,"99,633","99,089","99,153","98,248","100,110"
Tehama County,,,,,
Corning             ,"8,222","8,174","8,090","8,053","8,076"
Red Bluff           ,"14,808","14,694","14,553","14,435","14,300"
Tehama              ,434,432,427,425,422
Balance Of County    ,"42,365","42,036","41,872","41,797","41,510"
Incorporated,"23,464","23,300","23,070","22,913","22,798"
County Total,"65,829","65,336","64,942","64,710","64,308"
Trinity County,,,,,
County Total,"16,112","16,054","15,971","15,944","15,915"
Tulare County,,,,,
Dinuba              ,"24,586","25,008","25,237","25,458","25,573"
Exeter              ,"10,350","10,297","10,250","10,171","10,179"
Farmersville        ,"10,380","10,295","10,230","10,146","10,327"
Lindsay             ,"12,692","12,622","12,557","12,461","12,594"
Porterville         ,"62,627","62,770","62,653","62,508","62,934"
Tulare              ,"68,007","69,260","69,416","69,565","70,799"
Visalia             ,"141,308","141,489","142,146","142,968","144,532"
Woodlake            ,"7,407","7,518","7,643","7,700","7,713"
Balance Of County    ,"135,760","134,741","134,492","133,703","134,267"
Incorporated,"337,357","339,259","340,132","340,977","344,651"
County Total,"473,117","474,000","474,624","474,680","478,918"
Tuolumne County,,,,,
Sonora              ,"5,203","5,189","5,099","5,119","5,132"
Balance Of County    ,"50,417","49,638","49,401","49,507","49,275"
Incorporated,"5,203","5,189","5,099","5,119","5,132"
County Total,"55,620","54,827","54,500","54,626","54,407"
Ventura County,,,,,
Camarillo           ,"70,773","70,550","69,851","69,256","69,014"
Fillmore            ,"16,462","16,754","16,513","16,965","17,061"
Moorpark            ,"36,220","35,895","35,527","35,286","35,114"
Ojai                ,"7,688","7,690","7,609","7,537","7,533"
Oxnard              ,"201,699","200,887","200,037","197,737","197,536"
Port Hueneme        ,"22,065","21,901","21,259","21,077","20,916"
San Buenaventura    ,"110,080","109,802","107,894","107,780","107,569"
Santa Paula         ,"30,666","30,886","31,118","31,400","31,355"
Simi Valley         ,"126,199","126,124","124,264","124,165","124,029"
Thousand Oaks       ,"126,826","126,298","124,525","123,111","122,643"
Balance Of County    ,"95,165","93,129","92,934","91,646","91,093"
Incorporated,"748,678","746,787","738,597","734,314","732,770"
County Total,"843,843","839,916","831,531","825,960","823,863"
Yolo County,,,,,
Davis               ,"65,246","66,631","65,336","64,922","65,054"
West Sacramento     ,"52,853","53,489","52,860","54,251","54,278"
Winters             ,"6,964","7,377","7,427","7,538","7,587"
Woodland            ,"59,717","60,675","60,163","60,052","60,672"
Balance Of County    ,"31,623","26,739","34,390","33,691","34,075"
Incorporated,"184,780","188,172","185,786","186,763","187,591"
County Total,"216,403","214,911","220,176","220,454","221,666"
Yuba County,,,,,
Marysville          ,"13,161","12,902","12,810","12,666","12,752"
Wheatland           ,"3,712","3,681","3,659","3,826","3,893"
Balance Of County    ,"64,702","65,334","65,765","66,322","67,076"
Incorporated,"16,873","16,583","16,469","16,492","16,645"
County Total,"81,575","81,917","82,234","82,814","83,721"
,,,,,
,,,,,
,,,,,
,,,,,
,,,,,
,,,,,
,,,,,
,,,,,
