FIPS,State,County,% Excessive Drinking
01000,Alabama,,14.48
01001,Alabama,Autauga,15.24
01003,Alabama,Baldwin,16.42
01005,Alabama,Barbour,12.28
01007,Alabama,Bibb,14.79
01009,Alabama,Blount,14.95
01011,Alabama,Bullock,11.53
01013,Alabama,Butler,12.82
01015,Alabama,Calhoun,13.54
01017,Alabama,Chambers,12.81
01019,Alabama,Cherokee,14.36
01021,Alabama,Chilton,15.13
01023,Alabama,Choctaw,11.89
01025,Alabama,Clarke,12.29
01027,Alabama,Clay,13.70
01029,Alabama,Cleburne,14.57
01031,Alabama,Coffee,14.62
01033,Alabama,Colbert,14.67
01035,Alabama,Conecuh,11.85
01037,Alabama,Coosa,13.35
01039,Alabama,Covington,13.47
01041,Alabama,Crenshaw,13.70
01043,Alabama,Cullman,15.77
01045,Alabama,Dale,15.17
01047,Alabama,Dallas,11.20
01049,Alabama,DeKalb,14.18
01051,Alabama,Elmore,15.40
01053,Alabama,Escambia,13.01
01055,Alabama,Etowah,14.06
01057,Alabama,Fayette,13.63
01059,Alabama,Franklin,14.06
01061,Alabama,Geneva,13.45
01063,Alabama,Greene,9.44
01065,Alabama,Hale,11.58
01067,Alabama,Henry,13.41
01069,Alabama,Houston,13.89
01071,Alabama,Jackson,14.00
01073,Alabama,Jefferson,14.72
01075,Alabama,Lamar,13.81
01077,Alabama,Lauderdale,15.33
01079,Alabama,Lawrence,14.40
01081,Alabama,Lee,16.24
01083,Alabama,Limestone,15.13
01085,Alabama,Lowndes,10.65
01087,Alabama,Macon,11.59
01089,Alabama,Madison,13.95
01091,Alabama,Marengo,11.71
01093,Alabama,Marion,14.55
01095,Alabama,Marshall,14.98
01097,Alabama,Mobile,15.17
01099,Alabama,Monroe,12.51
01101,Alabama,Montgomery,14.51
01103,Alabama,Morgan,14.45
01105,Alabama,Perry,10.65
01107,Alabama,Pickens,12.58
01109,Alabama,Pike,13.78
01111,Alabama,Randolph,13.45
01113,Alabama,Russell,13.90
01115,Alabama,St. Clair,14.82
01117,Alabama,Shelby,16.84
01119,Alabama,Sumter,11.23
01121,Alabama,Talladega,13.44
01123,Alabama,Tallapoosa,13.51
01125,Alabama,Tuscaloosa,16.50
01127,Alabama,Walker,13.88
01129,Alabama,Washington,13.14
01131,Alabama,Wilcox,10.59
01133,Alabama,Winston,14.02
02000,Alaska,,19.61
02013,Alaska,Aleutians East,15.72
02016,Alaska,Aleutians West,19.57
02020,Alaska,Anchorage,19.95
02050,Alaska,Bethel,18.85
02060,Alaska,Bristol Bay,19.51
02063,Alaska,Chugach,20.44
02066,Alaska,Copper River,18.39
02068,Alaska,Denali,19.96
02070,Alaska,Dillingham,20.77
02090,Alaska,Fairbanks North Star,22.03
02100,Alaska,Haines,17.63
02105,Alaska,Hoonah-Angoon,18.00
02110,Alaska,Juneau,21.03
02122,Alaska,Kenai Peninsula,20.11
02130,Alaska,Ketchikan Gateway,21.31
02150,Alaska,Kodiak Island,19.04
02158,Alaska,Kusilvak,17.54
02164,Alaska,Lake and Peninsula,19.96
02170,Alaska,Matanuska-Susitna,19.92
02180,Alaska,Nome,20.54
02185,Alaska,North Slope,21.88
02188,Alaska,Northwest Arctic,19.94
02195,Alaska,Petersburg,20.17
02198,Alaska,Prince of Wales-Hyder,17.73
02201,Alaska,Prince of Wales-Outer Ketchikan,
02220,Alaska,Sitka,20.85
02230,Alaska,Skagway,21.27
02232,Alaska,Skagway-Hoonah-Angoon,
02240,Alaska,Southeast Fairbanks,18.66
02261,Alaska,Valdez-Cordova,
02270,Alaska,Wade Hampton,
02275,Alaska,Wrangell,17.58
02280,Alaska,Wrangell-Petersburg,
02282,Alaska,Yakutat,18.89
02290,Alaska,Yukon-Koyukuk,18.23
04000,Arizona,,18.81
04001,Arizona,Apache,14.07
04003,Arizona,Cochise,17.58
04005,Arizona,Coconino,20.22
04007,Arizona,Gila,17.45
04009,Arizona,Graham,18.61
04011,Arizona,Greenlee,20.36
04012,Arizona,La Paz,13.62
04013,Arizona,Maricopa,18.12
04015,Arizona,Mohave,15.48
04017,Arizona,Navajo,16.22
04019,Arizona,Pima,17.74
04021,Arizona,Pinal,17.86
04023,Arizona,Santa Cruz,17.57
04025,Arizona,Yavapai,15.02
04027,Arizona,Yuma,17.91
05000,Arkansas,,15.42
05001,Arkansas,Arkansas,13.26
05003,Arkansas,Ashley,12.29
05005,Arkansas,Baxter,13.21
05007,Arkansas,Benton,16.49
05009,Arkansas,Boone,14.34
05011,Arkansas,Bradley,12.86
05013,Arkansas,Calhoun,14.93
05015,Arkansas,Carroll,13.89
05017,Arkansas,Chicot,10.57
05019,Arkansas,Clark,14.66
05021,Arkansas,Clay,13.71
05023,Arkansas,Cleburne,13.11
05025,Arkansas,Cleveland,13.38
05027,Arkansas,Columbia,13.94
05029,Arkansas,Conway,13.54
05031,Arkansas,Craighead,14.37
05033,Arkansas,Crawford,13.63
05035,Arkansas,Crittenden,14.06
05037,Arkansas,Cross,13.14
05039,Arkansas,Dallas,12.10
05041,Arkansas,Desha,10.78
05043,Arkansas,Drew,13.67
05045,Arkansas,Faulkner,16.30
05047,Arkansas,Franklin,13.72
05049,Arkansas,Fulton,12.61
05051,Arkansas,Garland,14.05
05053,Arkansas,Grant,14.92
05055,Arkansas,Greene,14.86
05057,Arkansas,Hempstead,12.49
05059,Arkansas,Hot Spring,14.34
05061,Arkansas,Howard,13.14
05063,Arkansas,Independence,14.35
05065,Arkansas,Izard,13.74
05067,Arkansas,Jackson,13.54
05069,Arkansas,Jefferson,12.02
05071,Arkansas,Johnson,13.52
05073,Arkansas,Lafayette,11.21
05075,Arkansas,Lawrence,14.20
05077,Arkansas,Lee,12.23
05079,Arkansas,Lincoln,15.40
05081,Arkansas,Little River,13.89
05083,Arkansas,Logan,14.75
05085,Arkansas,Lonoke,16.04
05087,Arkansas,Madison,14.19
05089,Arkansas,Marion,13.05
05091,Arkansas,Miller,14.00
05093,Arkansas,Mississippi,13.40
05095,Arkansas,Monroe,11.47
05097,Arkansas,Montgomery,12.43
05099,Arkansas,Nevada,12.33
05101,Arkansas,Newton,13.59
05103,Arkansas,Ouachita,12.36
05105,Arkansas,Perry,14.37
05107,Arkansas,Phillips,10.36
05109,Arkansas,Pike,14.35
05111,Arkansas,Poinsett,13.38
05113,Arkansas,Polk,13.63
05115,Arkansas,Pope,14.36
05117,Arkansas,Prairie,13.62
05119,Arkansas,Pulaski,14.51
05121,Arkansas,Randolph,13.61
05123,Arkansas,St. Francis,12.05
05125,Arkansas,Saline,14.99
05127,Arkansas,Scott,14.06
05129,Arkansas,Searcy,12.54
05131,Arkansas,Sebastian,13.53
05133,Arkansas,Sevier,13.63
05135,Arkansas,Sharp,12.27
05137,Arkansas,Stone,12.67
05139,Arkansas,Union,12.85
05141,Arkansas,Van Buren,12.42
05143,Arkansas,Washington,16.40
05145,Arkansas,White,14.40
05147,Arkansas,Woodruff,12.25
05149,Arkansas,Yell,13.28
06000,California,,17.25
06001,California,Alameda,15.85
06003,California,Alpine,17.83
06005,California,Amador,17.51
06007,California,Butte,16.94
06009,California,Calaveras,15.75
06011,California,Colusa,16.99
06013,California,Contra Costa,16.78
06015,California,Del Norte,17.29
06017,California,El Dorado,18.35
06019,California,Fresno,15.23
06021,California,Glenn,17.18
06023,California,Humboldt,18.96
06025,California,Imperial,16.13
06027,California,Inyo,17.10
06029,California,Kern,16.91
06031,California,Kings,18.17
06033,California,Lake,16.40
06035,California,Lassen,19.86
06037,California,Los Angeles,15.85
06039,California,Madera,16.60
06041,California,Marin,17.05
06043,California,Mariposa,16.03
06045,California,Mendocino,17.34
06047,California,Merced,17.38
06049,California,Modoc,15.42
06051,California,Mono,19.41
06053,California,Monterey,16.32
06055,California,Napa,17.95
06057,California,Nevada,17.61
06059,California,Orange,16.50
06061,California,Placer,18.58
06063,California,Plumas,16.39
06065,California,Riverside,17.16
06067,California,Sacramento,16.57
06069,California,San Benito,19.26
06071,California,San Bernardino,16.66
06073,California,San Diego,20.60
06075,California,San Francisco,17.31
06077,California,San Joaquin,16.49
06079,California,San Luis Obispo,19.60
06081,California,San Mateo,16.65
06083,California,Santa Barbara,17.45
06085,California,Santa Clara,14.92
06087,California,Santa Cruz,17.21
06089,California,Shasta,17.88
06091,California,Sierra,16.21
06093,California,Siskiyou,16.12
06095,California,Solano,17.35
06097,California,Sonoma,20.84
06099,California,Stanislaus,17.70
06101,California,Sutter,16.14
06103,California,Tehama,16.41
06105,California,Trinity,14.89
06107,California,Tulare,15.85
06109,California,Tuolumne,17.98
06111,California,Ventura,17.70
06113,California,Yolo,17.85
06115,California,Yuba,18.07
08000,Colorado,,21.41
08001,Colorado,Adams,22.23
08003,Colorado,Alamosa,17.98
08005,Colorado,Arapahoe,19.75
08007,Colorado,Archuleta,17.66
08009,Colorado,Baca,16.84
08011,Colorado,Bent,18.36
08013,Colorado,Boulder,21.71
08014,Colorado,Broomfield,20.98
08015,Colorado,Chaffee,18.65
08017,Colorado,Cheyenne,18.45
08019,Colorado,Clear Creek,20.11
08021,Colorado,Conejos,16.59
08023,Colorado,Costilla,14.63
08025,Colorado,Crowley,20.23
08027,Colorado,Custer,16.39
08029,Colorado,Delta,16.48
08031,Colorado,Denver,24.92
08033,Colorado,Dolores,18.11
08035,Colorado,Douglas,19.41
08037,Colorado,Eagle,21.70
08039,Colorado,Elbert,19.58
08041,Colorado,El Paso,18.02
08043,Colorado,Fremont,17.87
08045,Colorado,Garfield,22.51
08047,Colorado,Gilpin,20.21
08049,Colorado,Grand,21.84
08051,Colorado,Gunnison,24.17
08053,Colorado,Hinsdale,18.24
08055,Colorado,Huerfano,15.82
08057,Colorado,Jackson,17.45
08059,Colorado,Jefferson,23.07
08061,Colorado,Kiowa,17.53
08063,Colorado,Kit Carson,17.72
08065,Colorado,Lake,21.11
08067,Colorado,La Plata,19.26
08069,Colorado,Larimer,23.33
08071,Colorado,Las Animas,16.63
08073,Colorado,Lincoln,20.09
08075,Colorado,Logan,20.40
08077,Colorado,Mesa,19.29
08079,Colorado,Mineral,18.39
08081,Colorado,Moffat,19.30
08083,Colorado,Montezuma,18.54
08085,Colorado,Montrose,17.98
08087,Colorado,Morgan,19.29
08089,Colorado,Otero,16.39
08091,Colorado,Ouray,17.98
08093,Colorado,Park,20.47
08095,Colorado,Phillips,16.65
08097,Colorado,Pitkin,20.94
08099,Colorado,Prowers,17.51
08101,Colorado,Pueblo,16.41
08103,Colorado,Rio Blanco,19.00
08105,Colorado,Rio Grande,17.00
08107,Colorado,Routt,22.95
08109,Colorado,Saguache,16.80
08111,Colorado,San Juan,18.95
08113,Colorado,San Miguel,21.03
08115,Colorado,Sedgwick,16.39
08117,Colorado,Summit,22.50
08119,Colorado,Teller,18.35
08121,Colorado,Washington,18.87
08123,Colorado,Weld,19.08
08125,Colorado,Yuma,18.21
09000,Connecticut,,16.97
09001,Connecticut,Fairfield,17.70
09003,Connecticut,Hartford,15.75
09005,Connecticut,Litchfield,17.27
09007,Connecticut,Middlesex,18.19
09009,Connecticut,New Haven,15.73
09011,Connecticut,New London,18.24
09013,Connecticut,Tolland,17.52
09015,Connecticut,Windham,18.57
10000,Delaware,,15.58
10001,Delaware,Kent,13.69
10003,Delaware,New Castle,15.99
10005,Delaware,Sussex,14.62
11000,District of Columbia,,24.19
11001,District of Columbia,District of Columbia,24.19
12000,Florida,,17.18
12001,Florida,Alachua,17.57
12003,Florida,Baker,19.24
12005,Florida,Bay,18.20
12007,Florida,Bradford,17.45
12009,Florida,Brevard,18.87
12011,Florida,Broward,16.48
12013,Florida,Calhoun,18.30
12015,Florida,Charlotte,19.47
12017,Florida,Citrus,21.60
12019,Florida,Clay,18.07
12021,Florida,Collier,18.94
12023,Florida,Columbia,18.10
12027,Florida,DeSoto,16.22
12029,Florida,Dixie,18.94
12031,Florida,Duval,18.59
12033,Florida,Escambia,16.95
12035,Florida,Flagler,19.37
12037,Florida,Franklin,18.17
12039,Florida,Gadsden,16.15
12041,Florida,Gilchrist,19.32
12043,Florida,Glades,18.15
12045,Florida,Gulf,19.82
12047,Florida,Hamilton,16.24
12049,Florida,Hardee,16.36
12051,Florida,Hendry,16.74
12053,Florida,Hernando,18.10
12055,Florida,Highlands,17.56
12057,Florida,Hillsborough,17.90
12059,Florida,Holmes,17.73
12061,Florida,Indian River,18.47
12063,Florida,Jackson,17.70
12065,Florida,Jefferson,17.73
12067,Florida,Lafayette,18.30
12069,Florida,Lake,17.70
12071,Florida,Lee,19.51
12073,Florida,Leon,19.15
12075,Florida,Levy,19.40
12077,Florida,Liberty,18.92
12079,Florida,Madison,17.52
12081,Florida,Manatee,18.66
12083,Florida,Marion,17.53
12085,Florida,Martin,20.88
12086,Florida,Miami-Dade,15.24
12087,Florida,Monroe,24.69
12089,Florida,Nassau,20.39
12091,Florida,Okaloosa,19.33
12093,Florida,Okeechobee,16.68
12095,Florida,Orange,16.24
12097,Florida,Osceola,16.32
12099,Florida,Palm Beach,17.65
12101,Florida,Pasco,19.79
12103,Florida,Pinellas,20.27
12105,Florida,Polk,17.30
12107,Florida,Putnam,18.09
12109,Florida,St. Johns,22.92
12111,Florida,St. Lucie,18.26
12113,Florida,Santa Rosa,18.59
12115,Florida,Sarasota,21.69
12117,Florida,Seminole,20.42
12119,Florida,Sumter,21.01
12121,Florida,Suwannee,18.00
12123,Florida,Taylor,17.27
12125,Florida,Union,19.04
12127,Florida,Volusia,20.14
12129,Florida,Wakulla,19.83
12131,Florida,Walton,20.06
12133,Florida,Washington,17.33
13000,Georgia,,16.61
13001,Georgia,Appling,14.58
13003,Georgia,Atkinson,14.24
13005,Georgia,Bacon,14.96
13007,Georgia,Baker,11.86
13009,Georgia,Baldwin,15.39
13011,Georgia,Banks,16.45
13013,Georgia,Barrow,17.33
13015,Georgia,Bartow,16.71
13017,Georgia,Ben Hill,13.23
13019,Georgia,Berrien,15.15
13021,Georgia,Bibb,13.85
13023,Georgia,Bleckley,14.64
13025,Georgia,Brantley,15.03
13027,Georgia,Brooks,13.10
13029,Georgia,Bryan,18.81
13031,Georgia,Bulloch,16.94
13033,Georgia,Burke,14.26
13035,Georgia,Butts,16.28
13037,Georgia,Calhoun,14.12
13039,Georgia,Camden,17.39
13043,Georgia,Candler,13.57
13045,Georgia,Carroll,16.74
13047,Georgia,Catoosa,17.17
13049,Georgia,Charlton,15.65
13051,Georgia,Chatham,16.66
13053,Georgia,Chattahoochee,21.17
13055,Georgia,Chattooga,15.19
13057,Georgia,Cherokee,17.20
13059,Georgia,Clarke,18.65
13061,Georgia,Clay,11.01
13063,Georgia,Clayton,14.30
13065,Georgia,Clinch,13.27
13067,Georgia,Cobb,16.13
13069,Georgia,Coffee,15.29
13071,Georgia,Colquitt,13.40
13073,Georgia,Columbia,16.48
13075,Georgia,Cook,14.52
13077,Georgia,Coweta,17.82
13079,Georgia,Crawford,15.02
13081,Georgia,Crisp,12.70
13083,Georgia,Dade,16.97
13085,Georgia,Dawson,17.89
13087,Georgia,Decatur,14.43
13089,Georgia,DeKalb,14.92
13091,Georgia,Dodge,14.58
13093,Georgia,Dooly,13.47
13095,Georgia,Dougherty,13.49
13097,Georgia,Douglas,14.89
13099,Georgia,Early,12.60
13101,Georgia,Echols,15.73
13103,Georgia,Effingham,17.61
13105,Georgia,Elbert,14.09
13107,Georgia,Emanuel,14.69
13109,Georgia,Evans,13.69
13111,Georgia,Fannin,14.10
13113,Georgia,Fayette,15.73
13115,Georgia,Floyd,14.76
13117,Georgia,Forsyth,17.02
13119,Georgia,Franklin,16.29
13121,Georgia,Fulton,17.67
13123,Georgia,Gilmer,15.27
13125,Georgia,Glascock,15.92
13127,Georgia,Glynn,16.78
13129,Georgia,Gordon,15.75
13131,Georgia,Grady,14.47
13133,Georgia,Greene,13.59
13135,Georgia,Gwinnett,14.36
13137,Georgia,Habersham,15.67
13139,Georgia,Hall,16.78
13141,Georgia,Hancock,12.00
13143,Georgia,Haralson,17.17
13145,Georgia,Harris,18.60
13147,Georgia,Hart,14.47
13149,Georgia,Heard,15.78
13151,Georgia,Henry,17.32
13153,Georgia,Houston,18.12
13155,Georgia,Irwin,15.35
13157,Georgia,Jackson,17.64
13159,Georgia,Jasper,15.38
13161,Georgia,Jeff Davis,14.60
13163,Georgia,Jefferson,13.39
13165,Georgia,Jenkins,13.53
13167,Georgia,Johnson,14.39
13169,Georgia,Jones,15.57
13171,Georgia,Lamar,15.97
13173,Georgia,Lanier,14.39
13175,Georgia,Laurens,12.89
13177,Georgia,Lee,17.46
13179,Georgia,Liberty,16.91
13181,Georgia,Lincoln,13.68
13183,Georgia,Long,16.62
13185,Georgia,Lowndes,16.19
13187,Georgia,Lumpkin,17.74
13189,Georgia,McDuffie,13.88
13191,Georgia,McIntosh,13.43
13193,Georgia,Macon,12.88
13195,Georgia,Madison,15.55
13197,Georgia,Marion,13.49
13199,Georgia,Meriwether,14.04
13201,Georgia,Miller,13.97
13205,Georgia,Mitchell,13.35
13207,Georgia,Monroe,15.75
13209,Georgia,Montgomery,15.08
13211,Georgia,Morgan,16.67
13213,Georgia,Murray,16.41
13215,Georgia,Muscogee,15.19
13217,Georgia,Newton,16.32
13219,Georgia,Oconee,18.70
13221,Georgia,Oglethorpe,16.55
13223,Georgia,Paulding,17.36
13225,Georgia,Peach,14.53
13227,Georgia,Pickens,15.64
13229,Georgia,Pierce,15.71
13231,Georgia,Pike,17.68
13233,Georgia,Polk,16.04
13235,Georgia,Pulaski,13.45
13237,Georgia,Putnam,13.90
13239,Georgia,Quitman,11.39
13241,Georgia,Rabun,14.64
13243,Georgia,Randolph,10.27
13245,Georgia,Richmond,15.63
13247,Georgia,Rockdale,13.71
13249,Georgia,Schley,15.05
13251,Georgia,Screven,14.52
13253,Georgia,Seminole,13.24
13255,Georgia,Spalding,14.48
13257,Georgia,Stephens,15.82
13259,Georgia,Stewart,16.28
13261,Georgia,Sumter,13.42
13263,Georgia,Talbot,12.05
13265,Georgia,Taliaferro,11.66
13267,Georgia,Tattnall,15.68
13269,Georgia,Taylor,12.69
13271,Georgia,Telfair,13.80
13273,Georgia,Terrell,12.14
13275,Georgia,Thomas,14.19
13277,Georgia,Tift,13.80
13279,Georgia,Toombs,14.54
13281,Georgia,Towns,14.29
13283,Georgia,Treutlen,13.29
13285,Georgia,Troup,15.38
13287,Georgia,Turner,12.99
13289,Georgia,Twiggs,13.93
13291,Georgia,Union,13.42
13293,Georgia,Upson,14.68
13295,Georgia,Walker,15.22
13297,Georgia,Walton,16.48
13299,Georgia,Ware,14.00
13301,Georgia,Warren,12.16
13303,Georgia,Washington,13.78
13305,Georgia,Wayne,15.32
13307,Georgia,Webster,12.26
13309,Georgia,Wheeler,15.44
13311,Georgia,White,16.25
13313,Georgia,Whitfield,15.23
13315,Georgia,Wilcox,14.56
13317,Georgia,Wilkes,12.99
13319,Georgia,Wilkinson,13.38
13321,Georgia,Worth,14.65
15000,Hawaii,,20.01
15001,Hawaii,Hawaii,19.86
15003,Hawaii,Honolulu,18.26
15005,Hawaii,Kalawao,14.63
15007,Hawaii,Kauai,18.77
15009,Hawaii,Maui,18.49
16000,Idaho,,16.89
16001,Idaho,Ada,18.94
16003,Idaho,Adams,14.46
16005,Idaho,Bannock,15.15
16007,Idaho,Bear Lake,15.08
16009,Idaho,Benewah,14.60
16011,Idaho,Bingham,14.95
16013,Idaho,Blaine,17.82
16015,Idaho,Boise,15.54
16017,Idaho,Bonner,15.82
16019,Idaho,Bonneville,16.26
16021,Idaho,Boundary,15.44
16023,Idaho,Butte,13.89
16025,Idaho,Camas,14.28
16027,Idaho,Canyon,15.91
16029,Idaho,Caribou,16.81
16031,Idaho,Cassia,15.72
16033,Idaho,Clark,15.06
16035,Idaho,Clearwater,15.43
16037,Idaho,Custer,15.16
16039,Idaho,Elmore,16.76
16041,Idaho,Franklin,16.44
16043,Idaho,Fremont,17.31
16045,Idaho,Gem,15.41
16047,Idaho,Gooding,15.69
16049,Idaho,Idaho,13.79
16051,Idaho,Jefferson,16.16
16053,Idaho,Jerome,16.10
16055,Idaho,Kootenai,17.95
16057,Idaho,Latah,20.06
16059,Idaho,Lemhi,14.71
16061,Idaho,Lewis,13.96
16063,Idaho,Lincoln,15.83
16065,Idaho,Madison,14.61
16067,Idaho,Minidoka,15.35
16069,Idaho,Nez Perce,18.56
16071,Idaho,Oneida,16.34
16073,Idaho,Owyhee,14.81
16075,Idaho,Payette,15.58
16077,Idaho,Power,15.19
16079,Idaho,Shoshone,15.31
16081,Idaho,Teton,18.74
16083,Idaho,Twin Falls,16.29
16085,Idaho,Valley,16.76
16087,Idaho,Washington,13.54
17000,Illinois,,17.54
17001,Illinois,Adams,16.57
17003,Illinois,Alexander,13.03
17005,Illinois,Bond,16.69
17007,Illinois,Boone,17.22
17009,Illinois,Brown,19.09
17011,Illinois,Bureau,16.21
17013,Illinois,Calhoun,16.90
17015,Illinois,Carroll,16.23
17017,Illinois,Cass,16.23
17019,Illinois,Champaign,17.74
17021,Illinois,Christian,17.00
17023,Illinois,Clark,17.42
17025,Illinois,Clay,16.87
17027,Illinois,Clinton,18.66
17029,Illinois,Coles,17.50
17031,Illinois,Cook,18.00
17033,Illinois,Crawford,17.42
17035,Illinois,Cumberland,17.36
17037,Illinois,DeKalb,19.07
17039,Illinois,De Witt,16.83
17041,Illinois,Douglas,17.23
17043,Illinois,DuPage,16.46
17045,Illinois,Edgar,16.21
17047,Illinois,Edwards,16.40
17049,Illinois,Effingham,17.61
17051,Illinois,Fayette,16.96
17053,Illinois,Ford,16.97
17055,Illinois,Franklin,16.05
17057,Illinois,Fulton,16.58
17059,Illinois,Gallatin,15.77
17061,Illinois,Greene,16.75
17063,Illinois,Grundy,19.27
17065,Illinois,Hamilton,16.20
17067,Illinois,Hancock,16.25
17069,Illinois,Hardin,15.71
17071,Illinois,Henderson,16.10
17073,Illinois,Henry,17.50
17075,Illinois,Iroquois,16.55
17077,Illinois,Jackson,17.34
17079,Illinois,Jasper,17.17
17081,Illinois,Jefferson,16.78
17083,Illinois,Jersey,17.90
17085,Illinois,Jo Daviess,15.45
17087,Illinois,Johnson,16.93
17089,Illinois,Kane,17.97
17091,Illinois,Kankakee,16.86
17093,Illinois,Kendall,19.37
17095,Illinois,Knox,15.85
17097,Illinois,Lake,17.74
17099,Illinois,LaSalle,17.05
17101,Illinois,Lawrence,17.62
17103,Illinois,Lee,17.11
17105,Illinois,Livingston,16.95
17107,Illinois,Logan,18.08
17109,Illinois,McDonough,17.01
17111,Illinois,McHenry,18.80
17113,Illinois,McLean,18.30
17115,Illinois,Macon,15.86
17117,Illinois,Macoupin,16.46
17119,Illinois,Madison,16.37
17121,Illinois,Marion,16.28
17123,Illinois,Marshall,16.43
17125,Illinois,Mason,16.54
17127,Illinois,Massac,15.73
17129,Illinois,Menard,17.64
17131,Illinois,Mercer,16.94
17133,Illinois,Monroe,18.24
17135,Illinois,Montgomery,17.48
17137,Illinois,Morgan,16.55
17139,Illinois,Moultrie,17.47
17141,Illinois,Ogle,17.57
17143,Illinois,Peoria,16.39
17145,Illinois,Perry,16.72
17147,Illinois,Piatt,18.12
17149,Illinois,Pike,16.45
17151,Illinois,Pope,14.78
17153,Illinois,Pulaski,14.03
17155,Illinois,Putnam,16.93
17157,Illinois,Randolph,17.07
17159,Illinois,Richland,16.66
17161,Illinois,Rock Island,16.21
17163,Illinois,St. Clair,16.09
17165,Illinois,Saline,16.32
17167,Illinois,Sangamon,17.84
17169,Illinois,Schuyler,16.42
17171,Illinois,Scott,16.95
17173,Illinois,Shelby,16.54
17175,Illinois,Stark,16.58
17177,Illinois,Stephenson,15.28
17179,Illinois,Tazewell,17.24
17181,Illinois,Union,15.86
17183,Illinois,Vermilion,15.50
17185,Illinois,Wabash,16.28
17187,Illinois,Warren,16.62
17189,Illinois,Washington,17.54
17191,Illinois,Wayne,16.03
17193,Illinois,White,15.87
17195,Illinois,Whiteside,17.08
17197,Illinois,Will,17.53
17199,Illinois,Williamson,17.10
17201,Illinois,Winnebago,15.49
17203,Illinois,Woodford,18.18
18000,Indiana,,18.16
18001,Indiana,Adams,15.73
18003,Indiana,Allen,16.82
18005,Indiana,Bartholomew,16.27
18007,Indiana,Benton,15.83
18009,Indiana,Blackford,14.72
18011,Indiana,Boone,18.20
18013,Indiana,Brown,15.55
18015,Indiana,Carroll,16.62
18017,Indiana,Cass,16.27
18019,Indiana,Clark,17.90
18021,Indiana,Clay,16.89
18023,Indiana,Clinton,16.79
18025,Indiana,Crawford,14.95
18027,Indiana,Daviess,16.75
18029,Indiana,Dearborn,16.88
18031,Indiana,Decatur,17.80
18033,Indiana,DeKalb,18.97
18035,Indiana,Delaware,15.98
18037,Indiana,Dubois,15.93
18039,Indiana,Elkhart,15.06
18041,Indiana,Fayette,15.74
18043,Indiana,Floyd,17.02
18045,Indiana,Fountain,16.35
18047,Indiana,Franklin,16.98
18049,Indiana,Fulton,16.36
18051,Indiana,Gibson,16.32
18053,Indiana,Grant,16.00
18055,Indiana,Greene,16.50
18057,Indiana,Hamilton,17.41
18059,Indiana,Hancock,16.91
18061,Indiana,Harrison,17.67
18063,Indiana,Hendricks,18.01
18065,Indiana,Henry,16.76
18067,Indiana,Howard,16.32
18069,Indiana,Huntington,16.13
18071,Indiana,Jackson,16.71
18073,Indiana,Jasper,18.04
18075,Indiana,Jay,16.54
18077,Indiana,Jefferson,16.69
18079,Indiana,Jennings,17.72
18081,Indiana,Johnson,17.20
18083,Indiana,Knox,15.94
18085,Indiana,Kosciusko,17.58
18087,Indiana,LaGrange,18.72
18089,Indiana,Lake,17.12
18091,Indiana,LaPorte,16.45
18093,Indiana,Lawrence,15.63
18095,Indiana,Madison,15.92
18097,Indiana,Marion,17.11
18099,Indiana,Marshall,15.55
18101,Indiana,Martin,16.59
18103,Indiana,Miami,17.59
18105,Indiana,Monroe,19.86
18107,Indiana,Montgomery,16.61
18109,Indiana,Morgan,18.24
18111,Indiana,Newton,17.51
18113,Indiana,Noble,17.10
18115,Indiana,Ohio,16.64
18117,Indiana,Orange,15.41
18119,Indiana,Owen,16.53
18121,Indiana,Parke,15.23
18123,Indiana,Perry,18.06
18125,Indiana,Pike,16.76
18127,Indiana,Porter,17.02
18129,Indiana,Posey,16.98
18131,Indiana,Pulaski,16.14
18133,Indiana,Putnam,17.69
18135,Indiana,Randolph,15.72
18137,Indiana,Ripley,17.50
18139,Indiana,Rush,16.24
18141,Indiana,St. Joseph,16.83
18143,Indiana,Scott,16.97
18145,Indiana,Shelby,16.39
18147,Indiana,Spencer,16.92
18149,Indiana,Starke,17.14
18151,Indiana,Steuben,17.79
18153,Indiana,Sullivan,16.23
18155,Indiana,Switzerland,15.60
18157,Indiana,Tippecanoe,18.82
18159,Indiana,Tipton,16.54
18161,Indiana,Union,16.41
18163,Indiana,Vanderburgh,17.25
18165,Indiana,Vermillion,16.15
18167,Indiana,Vigo,16.26
18169,Indiana,Wabash,16.11
18171,Indiana,Warren,16.42
18173,Indiana,Warrick,17.45
18175,Indiana,Washington,15.94
18177,Indiana,Wayne,16.31
18179,Indiana,Wells,16.80
18181,Indiana,White,16.15
18183,Indiana,Whitley,16.90
19000,Iowa,,23.12
19001,Iowa,Adair,19.01
19003,Iowa,Adams,18.12
19005,Iowa,Allamakee,18.76
19007,Iowa,Appanoose,17.43
19009,Iowa,Audubon,18.21
19011,Iowa,Benton,20.25
19013,Iowa,Black Hawk,21.81
19015,Iowa,Boone,21.31
19017,Iowa,Bremer,21.63
19019,Iowa,Buchanan,22.72
19021,Iowa,Buena Vista,17.30
19023,Iowa,Butler,18.81
19025,Iowa,Calhoun,19.47
19027,Iowa,Carroll,20.03
19029,Iowa,Cass,18.48
19031,Iowa,Cedar,20.61
19033,Iowa,Cerro Gordo,18.54
19035,Iowa,Cherokee,18.59
19037,Iowa,Chickasaw,20.03
19039,Iowa,Clarke,17.84
19041,Iowa,Clay,19.09
19043,Iowa,Clayton,18.93
19045,Iowa,Clinton,20.34
19047,Iowa,Crawford,17.08
19049,Iowa,Dallas,24.05
19051,Iowa,Davis,19.66
19053,Iowa,Decatur,19.62
19055,Iowa,Delaware,20.32
19057,Iowa,Des Moines,20.68
19059,Iowa,Dickinson,20.17
19061,Iowa,Dubuque,21.67
19063,Iowa,Emmet,19.50
19065,Iowa,Fayette,18.26
19067,Iowa,Floyd,19.19
19069,Iowa,Franklin,18.57
19071,Iowa,Fremont,18.45
19073,Iowa,Greene,18.50
19075,Iowa,Grundy,21.73
19077,Iowa,Guthrie,19.30
19079,Iowa,Hamilton,19.83
19081,Iowa,Hancock,19.28
19083,Iowa,Hardin,19.21
19085,Iowa,Harrison,20.51
19087,Iowa,Henry,19.22
19089,Iowa,Howard,19.55
19091,Iowa,Humboldt,19.00
19093,Iowa,Ida,18.79
19095,Iowa,Iowa,19.74
19097,Iowa,Jackson,19.79
19099,Iowa,Jasper,19.52
19101,Iowa,Jefferson,17.45
19103,Iowa,Johnson,22.81
19105,Iowa,Jones,19.22
19107,Iowa,Keokuk,18.87
19109,Iowa,Kossuth,18.21
19111,Iowa,Lee,18.55
19113,Iowa,Linn,22.24
19115,Iowa,Louisa,19.93
19117,Iowa,Lucas,18.82
19119,Iowa,Lyon,20.94
19121,Iowa,Madison,21.48
19123,Iowa,Mahaska,19.17
19125,Iowa,Marion,21.48
19127,Iowa,Marshall,18.76
19129,Iowa,Mills,21.68
19131,Iowa,Mitchell,19.98
19133,Iowa,Monona,18.33
19135,Iowa,Monroe,19.90
19137,Iowa,Montgomery,19.13
19139,Iowa,Muscatine,18.61
19141,Iowa,O'Brien,19.42
19143,Iowa,Osceola,19.29
19145,Iowa,Page,19.44
19147,Iowa,Palo Alto,19.52
19149,Iowa,Plymouth,20.72
19151,Iowa,Pocahontas,17.95
19153,Iowa,Polk,21.43
19155,Iowa,Pottawattamie,20.58
19157,Iowa,Poweshiek,19.32
19159,Iowa,Ringgold,17.85
19161,Iowa,Sac,19.06
19163,Iowa,Scott,20.05
19165,Iowa,Shelby,19.86
19167,Iowa,Sioux,20.07
19169,Iowa,Story,23.97
19171,Iowa,Tama,18.60
19173,Iowa,Taylor,19.68
19175,Iowa,Union,18.68
19177,Iowa,Van Buren,18.49
19179,Iowa,Wapello,18.31
19181,Iowa,Warren,22.06
19183,Iowa,Washington,18.72
19185,Iowa,Wayne,18.25
19187,Iowa,Webster,20.67
19189,Iowa,Winnebago,19.67
19191,Iowa,Winneshiek,19.67
19193,Iowa,Woodbury,20.70
19195,Iowa,Worth,19.78
19197,Iowa,Wright,17.72
20000,Kansas,,20.27
20001,Kansas,Allen,17.59
20003,Kansas,Anderson,18.34
20005,Kansas,Atchison,19.23
20007,Kansas,Barber,16.49
20009,Kansas,Barton,17.46
20011,Kansas,Bourbon,15.95
20013,Kansas,Brown,17.38
20015,Kansas,Butler,16.94
20017,Kansas,Chase,16.69
20019,Kansas,Chautauqua,15.56
20021,Kansas,Cherokee,15.85
20023,Kansas,Cheyenne,15.95
20025,Kansas,Clark,17.55
20027,Kansas,Clay,17.76
20029,Kansas,Cloud,17.77
20031,Kansas,Coffey,17.07
20033,Kansas,Comanche,17.52
20035,Kansas,Cowley,18.24
20037,Kansas,Crawford,19.05
20039,Kansas,Decatur,15.54
20041,Kansas,Dickinson,18.87
20043,Kansas,Doniphan,17.50
20045,Kansas,Douglas,21.92
20047,Kansas,Edwards,16.06
20049,Kansas,Elk,14.97
20051,Kansas,Ellis,19.74
20053,Kansas,Ellsworth,19.22
20055,Kansas,Finney,18.40
20057,Kansas,Ford,17.16
20059,Kansas,Franklin,18.20
20061,Kansas,Geary,19.01
20063,Kansas,Gove,16.96
20065,Kansas,Graham,15.72
20067,Kansas,Grant,19.82
20069,Kansas,Gray,18.73
20071,Kansas,Greeley,16.84
20073,Kansas,Greenwood,16.33
20075,Kansas,Hamilton,17.93
20077,Kansas,Harper,17.14
20079,Kansas,Harvey,16.00
20081,Kansas,Haskell,17.16
20083,Kansas,Hodgeman,17.00
20085,Kansas,Jackson,17.20
20087,Kansas,Jefferson,18.14
20089,Kansas,Jewell,15.43
20091,Kansas,Johnson,20.25
20093,Kansas,Kearny,17.04
20095,Kansas,Kingman,18.73
20097,Kansas,Kiowa,17.38
20099,Kansas,Labette,16.40
20101,Kansas,Lane,16.89
20103,Kansas,Leavenworth,19.84
20105,Kansas,Lincoln,16.81
20107,Kansas,Linn,16.90
20109,Kansas,Logan,17.71
20111,Kansas,Lyon,18.47
20113,Kansas,McPherson,16.96
20115,Kansas,Marion,15.74
20117,Kansas,Marshall,18.41
20119,Kansas,Meade,17.41
20121,Kansas,Miami,18.83
20123,Kansas,Mitchell,17.41
20125,Kansas,Montgomery,16.74
20127,Kansas,Morris,18.38
20129,Kansas,Morton,17.33
20131,Kansas,Nemaha,18.73
20133,Kansas,Neosho,17.81
20135,Kansas,Ness,16.65
20137,Kansas,Norton,18.76
20139,Kansas,Osage,18.63
20141,Kansas,Osborne,15.78
20143,Kansas,Ottawa,17.74
20145,Kansas,Pawnee,17.70
20147,Kansas,Phillips,16.97
20149,Kansas,Pottawatomie,19.78
20151,Kansas,Pratt,17.59
20153,Kansas,Rawlins,15.50
20155,Kansas,Reno,15.90
20157,Kansas,Republic,16.35
20159,Kansas,Rice,18.16
20161,Kansas,Riley,24.53
20163,Kansas,Rooks,17.41
20165,Kansas,Rush,16.35
20167,Kansas,Russell,17.32
20169,Kansas,Saline,16.69
20171,Kansas,Scott,16.71
20173,Kansas,Sedgwick,17.10
20175,Kansas,Seward,18.09
20177,Kansas,Shawnee,16.73
20179,Kansas,Sheridan,18.87
20181,Kansas,Sherman,18.55
20183,Kansas,Smith,16.10
20185,Kansas,Stafford,16.87
20187,Kansas,Stanton,16.33
20189,Kansas,Stevens,17.02
20191,Kansas,Sumner,18.29
20193,Kansas,Thomas,18.32
20195,Kansas,Trego,17.28
20197,Kansas,Wabaunsee,18.60
20199,Kansas,Wallace,16.81
20201,Kansas,Washington,17.74
20203,Kansas,Wichita,16.89
20205,Kansas,Wilson,16.17
20207,Kansas,Woodson,16.25
20209,Kansas,Wyandotte,17.28
21000,Kentucky,,15.03
21001,Kentucky,Adair,13.47
21003,Kentucky,Allen,14.44
21005,Kentucky,Anderson,15.37
21007,Kentucky,Ballard,14.19
21009,Kentucky,Barren,13.47
21011,Kentucky,Bath,14.77
21013,Kentucky,Bell,12.65
21015,Kentucky,Boone,17.83
21017,Kentucky,Bourbon,13.87
21019,Kentucky,Boyd,13.10
21021,Kentucky,Boyle,15.04
21023,Kentucky,Bracken,14.60
21025,Kentucky,Breathitt,12.70
21027,Kentucky,Breckinridge,14.39
21029,Kentucky,Bullitt,15.60
21031,Kentucky,Butler,14.14
21033,Kentucky,Caldwell,14.07
21035,Kentucky,Calloway,15.17
21037,Kentucky,Campbell,17.26
21039,Kentucky,Carlisle,13.22
21041,Kentucky,Carroll,14.69
21043,Kentucky,Carter,13.07
21045,Kentucky,Casey,12.78
21047,Kentucky,Christian,16.59
21049,Kentucky,Clark,14.81
21051,Kentucky,Clay,13.12
21053,Kentucky,Clinton,13.10
21055,Kentucky,Crittenden,13.98
21057,Kentucky,Cumberland,12.58
21059,Kentucky,Daviess,15.12
21061,Kentucky,Edmonson,13.96
21063,Kentucky,Elliott,13.92
21065,Kentucky,Estill,13.40
21067,Kentucky,Fayette,17.33
21069,Kentucky,Fleming,14.74
21071,Kentucky,Floyd,14.09
21073,Kentucky,Franklin,14.93
21075,Kentucky,Fulton,12.39
21077,Kentucky,Gallatin,14.97
21079,Kentucky,Garrard,14.77
21081,Kentucky,Grant,15.86
21083,Kentucky,Graves,14.13
21085,Kentucky,Grayson,13.52
21087,Kentucky,Green,12.73
21089,Kentucky,Greenup,13.78
21091,Kentucky,Hancock,14.84
21093,Kentucky,Hardin,14.98
21095,Kentucky,Harlan,12.41
21097,Kentucky,Harrison,14.28
21099,Kentucky,Hart,13.47
21101,Kentucky,Henderson,14.87
21103,Kentucky,Henry,14.26
21105,Kentucky,Hickman,12.49
21107,Kentucky,Hopkins,13.80
21109,Kentucky,Jackson,12.54
21111,Kentucky,Jefferson,16.12
21113,Kentucky,Jessamine,15.71
21115,Kentucky,Johnson,12.91
21117,Kentucky,Kenton,17.41
21119,Kentucky,Knott,12.44
21121,Kentucky,Knox,12.91
21123,Kentucky,Larue,14.76
21125,Kentucky,Laurel,14.42
21127,Kentucky,Lawrence,13.32
21129,Kentucky,Lee,13.19
21131,Kentucky,Leslie,13.00
21133,Kentucky,Letcher,12.40
21135,Kentucky,Lewis,12.99
21137,Kentucky,Lincoln,13.75
21139,Kentucky,Livingston,13.98
21141,Kentucky,Logan,14.62
21143,Kentucky,Lyon,15.56
21145,Kentucky,McCracken,13.59
21147,Kentucky,McCreary,12.84
21149,Kentucky,McLean,14.81
21151,Kentucky,Madison,16.11
21153,Kentucky,Magoffin,12.45
21155,Kentucky,Marion,14.21
21157,Kentucky,Marshall,15.62
21159,Kentucky,Martin,14.48
21161,Kentucky,Mason,14.23
21163,Kentucky,Meade,15.09
21165,Kentucky,Menifee,12.93
21167,Kentucky,Mercer,15.14
21169,Kentucky,Metcalfe,14.01
21171,Kentucky,Monroe,13.60
21173,Kentucky,Montgomery,15.08
21175,Kentucky,Morgan,14.30
21177,Kentucky,Muhlenberg,14.08
21179,Kentucky,Nelson,16.47
21181,Kentucky,Nicholas,14.23
21183,Kentucky,Ohio,15.07
21185,Kentucky,Oldham,18.31
21187,Kentucky,Owen,14.56
21189,Kentucky,Owsley,13.30
21191,Kentucky,Pendleton,14.56
21193,Kentucky,Perry,14.05
21195,Kentucky,Pike,12.95
21197,Kentucky,Powell,14.95
21199,Kentucky,Pulaski,13.08
21201,Kentucky,Robertson,13.79
21203,Kentucky,Rockcastle,13.23
21205,Kentucky,Rowan,15.20
21207,Kentucky,Russell,13.53
21209,Kentucky,Scott,16.87
21211,Kentucky,Shelby,15.86
21213,Kentucky,Simpson,15.14
21215,Kentucky,Spencer,16.32
21217,Kentucky,Taylor,16.01
21219,Kentucky,Todd,14.34
21221,Kentucky,Trigg,14.32
21223,Kentucky,Trimble,14.94
21225,Kentucky,Union,14.78
21227,Kentucky,Warren,15.34
21229,Kentucky,Washington,14.56
21231,Kentucky,Wayne,12.77
21233,Kentucky,Webster,14.00
21235,Kentucky,Whitley,14.55
21237,Kentucky,Wolfe,11.83
21239,Kentucky,Woodford,15.32
22000,Louisiana,,20.02
22001,Louisiana,Acadia,18.65
22003,Louisiana,Allen,18.68
22005,Louisiana,Ascension,20.01
22007,Louisiana,Assumption,16.30
22009,Louisiana,Avoyelles,16.37
22011,Louisiana,Beauregard,19.37
22013,Louisiana,Bienville,14.47
22015,Louisiana,Bossier,17.44
22017,Louisiana,Caddo,16.19
22019,Louisiana,Calcasieu,19.70
22021,Louisiana,Caldwell,17.21
22023,Louisiana,Cameron,19.43
22025,Louisiana,Catahoula,17.46
22027,Louisiana,Claiborne,14.91
22029,Louisiana,Concordia,15.31
22031,Louisiana,De Soto,17.02
22033,Louisiana,East Baton Rouge,17.62
22035,Louisiana,East Carroll,13.39
22037,Louisiana,East Feliciana,18.24
22039,Louisiana,Evangeline,17.39
22041,Louisiana,Franklin,15.73
22043,Louisiana,Grant,18.92
22045,Louisiana,Iberia,16.43
22047,Louisiana,Iberville,16.83
22049,Louisiana,Jackson,16.75
22051,Louisiana,Jefferson,17.12
22053,Louisiana,Jefferson Davis,18.21
22055,Louisiana,Lafayette,20.95
22057,Louisiana,Lafourche,17.89
22059,Louisiana,LaSalle,19.36
22061,Louisiana,Lincoln,17.72
22063,Louisiana,Livingston,18.69
22065,Louisiana,Madison,14.94
22067,Louisiana,Morehouse,14.59
22069,Louisiana,Natchitoches,16.97
22071,Louisiana,Orleans,22.06
22073,Louisiana,Ouachita,16.50
22075,Louisiana,Plaquemines,18.49
22077,Louisiana,Pointe Coupee,16.70
22079,Louisiana,Rapides,16.41
22081,Louisiana,Red River,15.70
22083,Louisiana,Richland,15.53
22085,Louisiana,Sabine,16.51
22087,Louisiana,St. Bernard,19.07
22089,Louisiana,St. Charles,20.11
22091,Louisiana,St. Helena,14.86
22093,Louisiana,St. James,16.67
22095,Louisiana,St. John the Baptist,17.02
22097,Louisiana,St. Landry,15.77
22099,Louisiana,St. Martin,17.39
22101,Louisiana,St. Mary,16.50
22103,Louisiana,St. Tammany,17.93
22105,Louisiana,Tangipahoa,18.55
22107,Louisiana,Tensas,12.66
22109,Louisiana,Terrebonne,19.52
22111,Louisiana,Union,16.78
22113,Louisiana,Vermilion,19.43
22115,Louisiana,Vernon,20.79
22117,Louisiana,Washington,15.15
22119,Louisiana,Webster,14.98
22121,Louisiana,West Baton Rouge,18.23
22123,Louisiana,West Carroll,17.09
22125,Louisiana,West Feliciana,19.06
22127,Louisiana,Winn,17.09
23000,Maine,,20.49
23001,Maine,Androscoggin,17.67
23003,Maine,Aroostook,13.85
23005,Maine,Cumberland,21.50
23007,Maine,Franklin,18.34
23009,Maine,Hancock,18.61
23011,Maine,Kennebec,15.85
23013,Maine,Knox,17.24
23015,Maine,Lincoln,18.79
23017,Maine,Oxford,18.38
23019,Maine,Penobscot,16.74
23021,Maine,Piscataquis,16.76
23023,Maine,Sagadahoc,18.50
23025,Maine,Somerset,16.52
23027,Maine,Waldo,19.31
23029,Maine,Washington,16.52
23031,Maine,York,19.23
24000,Maryland,,15.16
24001,Maryland,Allegany,16.22
24003,Maryland,Anne Arundel,17.91
24005,Maryland,Baltimore,14.36
24009,Maryland,Calvert,17.96
24011,Maryland,Caroline,15.28
24013,Maryland,Carroll,18.13
24015,Maryland,Cecil,17.30
24017,Maryland,Charles,16.62
24019,Maryland,Dorchester,13.30
24021,Maryland,Frederick,17.24
24023,Maryland,Garrett,14.89
24025,Maryland,Harford,16.06
24027,Maryland,Howard,13.56
24029,Maryland,Kent,14.83
24031,Maryland,Montgomery,12.89
24033,Maryland,Prince George's,12.58
24035,Maryland,Queen Anne's,17.28
24037,Maryland,St. Mary's,17.15
24039,Maryland,Somerset,14.19
24041,Maryland,Talbot,16.12
24043,Maryland,Washington,15.15
24045,Maryland,Wicomico,16.60
24047,Maryland,Worcester,17.95
24510,Maryland,Baltimore City,16.58
25000,Massachusetts,,19.22
25001,Massachusetts,Barnstable,17.72
25003,Massachusetts,Berkshire,16.82
25005,Massachusetts,Bristol,18.82
25007,Massachusetts,Dukes,17.44
25009,Massachusetts,Essex,17.91
25011,Massachusetts,Franklin,19.14
25013,Massachusetts,Hampden,16.19
25015,Massachusetts,Hampshire,19.60
25017,Massachusetts,Middlesex,19.08
25019,Massachusetts,Nantucket,19.90
25021,Massachusetts,Norfolk,19.33
25023,Massachusetts,Plymouth,18.94
25025,Massachusetts,Suffolk,20.38
25027,Massachusetts,Worcester,17.72
26000,Michigan,,19.00
26001,Michigan,Alcona,14.56
26003,Michigan,Alger,16.55
26005,Michigan,Allegan,16.97
26007,Michigan,Alpena,16.62
26009,Michigan,Antrim,16.61
26011,Michigan,Arenac,16.02
26013,Michigan,Baraga,16.53
26015,Michigan,Barry,18.64
26017,Michigan,Bay,16.61
26019,Michigan,Benzie,17.24
26021,Michigan,Berrien,17.12
26023,Michigan,Branch,16.62
26025,Michigan,Calhoun,16.52
26027,Michigan,Cass,16.76
26029,Michigan,Charlevoix,18.27
26031,Michigan,Cheboygan,15.78
26033,Michigan,Chippewa,18.28
26035,Michigan,Clare,15.23
26037,Michigan,Clinton,18.01
26039,Michigan,Crawford,16.76
26041,Michigan,Delta,17.20
26043,Michigan,Dickinson,17.49
26045,Michigan,Eaton,17.97
26047,Michigan,Emmet,18.59
26049,Michigan,Genesee,17.15
26051,Michigan,Gladwin,15.95
26053,Michigan,Gogebic,15.39
26055,Michigan,Grand Traverse,18.74
26057,Michigan,Gratiot,18.29
26059,Michigan,Hillsdale,17.20
26061,Michigan,Houghton,19.98
26063,Michigan,Huron,16.59
26065,Michigan,Ingham,18.68
26067,Michigan,Ionia,19.36
26069,Michigan,Iosco,15.14
26071,Michigan,Iron,15.40
26073,Michigan,Isabella,18.72
26075,Michigan,Jackson,16.49
26077,Michigan,Kalamazoo,18.41
26079,Michigan,Kalkaska,16.48
26081,Michigan,Kent,19.53
26083,Michigan,Keweenaw,15.57
26085,Michigan,Lake,13.49
26087,Michigan,Lapeer,17.53
26089,Michigan,Leelanau,16.04
26091,Michigan,Lenawee,16.65
26093,Michigan,Livingston,19.94
26095,Michigan,Luce,17.63
26097,Michigan,Mackinac,15.26
26099,Michigan,Macomb,18.15
26101,Michigan,Manistee,16.86
26103,Michigan,Marquette,18.76
26105,Michigan,Mason,16.05
26107,Michigan,Mecosta,17.40
26109,Michigan,Menominee,16.76
26111,Michigan,Midland,18.61
26113,Michigan,Missaukee,17.09
26115,Michigan,Monroe,18.43
26117,Michigan,Montcalm,17.89
26119,Michigan,Montmorency,14.19
26121,Michigan,Muskegon,17.76
26123,Michigan,Newaygo,16.00
26125,Michigan,Oakland,17.93
26127,Michigan,Oceana,16.35
26129,Michigan,Ogemaw,15.17
26131,Michigan,Ontonagon,13.93
26133,Michigan,Osceola,16.82
26135,Michigan,Oscoda,15.02
26137,Michigan,Otsego,17.30
26139,Michigan,Ottawa,20.09
26141,Michigan,Presque Isle,15.18
26143,Michigan,Roscommon,14.73
26145,Michigan,Saginaw,16.32
26147,Michigan,St. Clair,18.75
26149,Michigan,St. Joseph,16.93
26151,Michigan,Sanilac,15.79
26153,Michigan,Schoolcraft,15.33
26155,Michigan,Shiawassee,17.58
26157,Michigan,Tuscola,16.62
26159,Michigan,Van Buren,17.34
26161,Michigan,Washtenaw,17.29
26163,Michigan,Wayne,16.31
26165,Michigan,Wexford,16.73
27000,Minnesota,,20.76
27001,Minnesota,Aitkin,18.03
27003,Minnesota,Anoka,20.27
27005,Minnesota,Becker,20.29
27007,Minnesota,Beltrami,19.56
27009,Minnesota,Benton,20.59
27011,Minnesota,Big Stone,17.62
27013,Minnesota,Blue Earth,22.43
27015,Minnesota,Brown,19.26
27017,Minnesota,Carlton,20.18
27019,Minnesota,Carver,21.57
27021,Minnesota,Cass,17.68
27023,Minnesota,Chippewa,17.99
27025,Minnesota,Chisago,20.59
27027,Minnesota,Clay,20.65
27029,Minnesota,Clearwater,17.89
27031,Minnesota,Cook,17.92
27033,Minnesota,Cottonwood,18.00
27035,Minnesota,Crow Wing,17.32
27037,Minnesota,Dakota,18.08
27039,Minnesota,Dodge,21.30
27041,Minnesota,Douglas,19.69
27043,Minnesota,Faribault,17.38
27045,Minnesota,Fillmore,19.19
27047,Minnesota,Freeborn,16.84
27049,Minnesota,Goodhue,18.84
27051,Minnesota,Grant,19.18
27053,Minnesota,Hennepin,21.63
27055,Minnesota,Houston,18.81
27057,Minnesota,Hubbard,16.58
27059,Minnesota,Isanti,19.77
27061,Minnesota,Itasca,16.04
27063,Minnesota,Jackson,19.39
27065,Minnesota,Kanabec,19.07
27067,Minnesota,Kandiyohi,18.33
27069,Minnesota,Kittson,17.77
27071,Minnesota,Koochiching,17.15
27073,Minnesota,Lac qui Parle,17.70
27075,Minnesota,Lake,18.94
27077,Minnesota,Lake of the Woods,18.00
27079,Minnesota,Le Sueur,21.08
27081,Minnesota,Lincoln,18.18
27083,Minnesota,Lyon,19.18
27085,Minnesota,McLeod,19.82
27087,Minnesota,Mahnomen,16.94
27089,Minnesota,Marshall,19.25
27091,Minnesota,Martin,17.34
27093,Minnesota,Meeker,20.42
27095,Minnesota,Mille Lacs,19.39
27097,Minnesota,Morrison,20.40
27099,Minnesota,Mower,18.45
27101,Minnesota,Murray,17.86
27103,Minnesota,Nicollet,21.56
27105,Minnesota,Nobles,16.57
27107,Minnesota,Norman,18.35
27109,Minnesota,Olmsted,16.43
27111,Minnesota,Otter Tail,17.39
27113,Minnesota,Pennington,21.41
27115,Minnesota,Pine,19.36
27117,Minnesota,Pipestone,18.06
27119,Minnesota,Polk,20.51
27121,Minnesota,Pope,18.66
27123,Minnesota,Ramsey,18.42
27125,Minnesota,Red Lake,19.00
27127,Minnesota,Redwood,19.07
27129,Minnesota,Renville,18.15
27131,Minnesota,Rice,19.28
27133,Minnesota,Rock,19.65
27135,Minnesota,Roseau,19.05
27137,Minnesota,St. Louis,21.12
27139,Minnesota,Scott,20.06
27141,Minnesota,Sherburne,20.44
27143,Minnesota,Sibley,20.06
27145,Minnesota,Stearns,22.01
27147,Minnesota,Steele,19.82
27149,Minnesota,Stevens,21.35
27151,Minnesota,Swift,18.24
27153,Minnesota,Todd,17.96
27155,Minnesota,Traverse,17.60
27157,Minnesota,Wabasha,19.78
27159,Minnesota,Wadena,17.25
27161,Minnesota,Waseca,19.41
27163,Minnesota,Washington,20.78
27165,Minnesota,Watonwan,18.18
27167,Minnesota,Wilkin,19.58
27169,Minnesota,Winona,20.64
27171,Minnesota,Wright,21.34
27173,Minnesota,Yellow Medicine,18.83
28000,Mississippi,,15.67
28001,Mississippi,Adams,12.60
28003,Mississippi,Alcorn,15.57
28005,Mississippi,Amite,11.95
28007,Mississippi,Attala,12.21
28009,Mississippi,Benton,14.45
28011,Mississippi,Bolivar,11.62
28013,Mississippi,Calhoun,12.95
28015,Mississippi,Carroll,13.17
28017,Mississippi,Chickasaw,13.24
28019,Mississippi,Choctaw,13.32
28021,Mississippi,Claiborne,11.12
28023,Mississippi,Clarke,13.32
28025,Mississippi,Clay,11.81
28027,Mississippi,Coahoma,11.05
28029,Mississippi,Copiah,13.10
28031,Mississippi,Covington,14.29
28033,Mississippi,DeSoto,14.97
28035,Mississippi,Forrest,15.87
28037,Mississippi,Franklin,12.74
28039,Mississippi,George,15.58
28041,Mississippi,Greene,16.40
28043,Mississippi,Grenada,13.08
28045,Mississippi,Hancock,15.00
28047,Mississippi,Harrison,15.83
28049,Mississippi,Hinds,12.41
28051,Mississippi,Holmes,11.19
28053,Mississippi,Humphreys,10.27
28055,Mississippi,Issaquena,13.17
28057,Mississippi,Itawamba,15.81
28059,Mississippi,Jackson,16.43
28061,Mississippi,Jasper,12.34
28063,Mississippi,Jefferson,11.02
28065,Mississippi,Jefferson Davis,11.27
28067,Mississippi,Jones,14.05
28069,Mississippi,Kemper,12.75
28071,Mississippi,Lafayette,17.05
28073,Mississippi,Lamar,16.51
28075,Mississippi,Lauderdale,13.77
28077,Mississippi,Lawrence,13.41
28079,Mississippi,Leake,13.78
28081,Mississippi,Lee,16.04
28083,Mississippi,Leflore,12.23
28085,Mississippi,Lincoln,14.24
28087,Mississippi,Lowndes,12.95
28089,Mississippi,Madison,16.51
28091,Mississippi,Marion,13.38
28093,Mississippi,Marshall,12.91
28095,Mississippi,Monroe,13.86
28097,Mississippi,Montgomery,12.13
28099,Mississippi,Neshoba,13.62
28101,Mississippi,Newton,13.81
28103,Mississippi,Noxubee,11.77
28105,Mississippi,Oktibbeha,16.89
28107,Mississippi,Panola,13.15
28109,Mississippi,Pearl River,15.16
28111,Mississippi,Perry,13.89
28113,Mississippi,Pike,12.22
28115,Mississippi,Pontotoc,16.31
28117,Mississippi,Prentiss,14.36
28119,Mississippi,Quitman,10.76
28121,Mississippi,Rankin,14.88
28123,Mississippi,Scott,13.00
28125,Mississippi,Sharkey,10.70
28127,Mississippi,Simpson,14.63
28129,Mississippi,Smith,14.65
28131,Mississippi,Stone,15.04
28133,Mississippi,Sunflower,13.32
28135,Mississippi,Tallahatchie,13.52
28137,Mississippi,Tate,15.12
28139,Mississippi,Tippah,14.64
28141,Mississippi,Tishomingo,14.81
28143,Mississippi,Tunica,11.33
28145,Mississippi,Union,15.31
28147,Mississippi,Walthall,12.81
28149,Mississippi,Warren,13.24
28151,Mississippi,Washington,11.39
28153,Mississippi,Wayne,13.49
28155,Mississippi,Webster,15.78
28157,Mississippi,Wilkinson,12.05
28159,Mississippi,Winston,12.52
28161,Mississippi,Yalobusha,12.75
28163,Mississippi,Yazoo,13.49
29000,Missouri,,19.35
29001,Missouri,Adair,17.06
29003,Missouri,Andrew,17.30
29005,Missouri,Atchison,16.13
29007,Missouri,Audrain,14.64
29009,Missouri,Barry,15.30
29011,Missouri,Barton,14.94
29013,Missouri,Bates,15.76
29015,Missouri,Benton,13.45
29017,Missouri,Bollinger,15.39
29019,Missouri,Boone,19.70
29021,Missouri,Buchanan,17.00
29023,Missouri,Butler,15.32
29025,Missouri,Caldwell,16.07
29027,Missouri,Callaway,17.37
29029,Missouri,Camden,16.52
29031,Missouri,Cape Girardeau,17.69
29033,Missouri,Carroll,16.37
29035,Missouri,Carter,15.37
29037,Missouri,Cass,16.59
29039,Missouri,Cedar,14.16
29041,Missouri,Chariton,16.25
29043,Missouri,Christian,16.86
29045,Missouri,Clark,16.29
29047,Missouri,Clay,19.85
29049,Missouri,Clinton,18.17
29051,Missouri,Cole,16.60
29053,Missouri,Cooper,17.37
29055,Missouri,Crawford,15.76
29057,Missouri,Dade,14.71
29059,Missouri,Dallas,15.18
29061,Missouri,Daviess,16.57
29063,Missouri,DeKalb,17.97
29065,Missouri,Dent,15.19
29067,Missouri,Douglas,15.14
29069,Missouri,Dunklin,14.17
29071,Missouri,Franklin,18.73
29073,Missouri,Gasconade,17.29
29075,Missouri,Gentry,16.25
29077,Missouri,Greene,17.47
29079,Missouri,Grundy,15.12
29081,Missouri,Harrison,15.36
29083,Missouri,Henry,15.72
29085,Missouri,Hickory,13.88
29087,Missouri,Holt,15.18
29089,Missouri,Howard,17.90
29091,Missouri,Howell,15.01
29093,Missouri,Iron,14.59
29095,Missouri,Jackson,20.05
29097,Missouri,Jasper,15.70
29099,Missouri,Jefferson,17.68
29101,Missouri,Johnson,19.61
29103,Missouri,Knox,14.41
29105,Missouri,Laclede,15.37
29107,Missouri,Lafayette,18.77
29109,Missouri,Lawrence,15.61
29111,Missouri,Lewis,18.11
29113,Missouri,Lincoln,18.69
29115,Missouri,Linn,15.54
29117,Missouri,Livingston,15.88
29119,Missouri,McDonald,15.65
29121,Missouri,Macon,17.08
29123,Missouri,Madison,16.04
29125,Missouri,Maries,16.82
29127,Missouri,Marion,18.33
29129,Missouri,Mercer,15.60
29131,Missouri,Miller,17.48
29133,Missouri,Mississippi,14.23
29135,Missouri,Moniteau,17.71
29137,Missouri,Monroe,15.39
29139,Missouri,Montgomery,16.22
29141,Missouri,Morgan,15.23
29143,Missouri,New Madrid,14.29
29145,Missouri,Newton,16.04
29147,Missouri,Nodaway,19.42
29149,Missouri,Oregon,13.88
29151,Missouri,Osage,18.53
29153,Missouri,Ozark,13.71
29155,Missouri,Pemiscot,13.91
29157,Missouri,Perry,18.75
29159,Missouri,Pettis,17.13
29161,Missouri,Phelps,16.67
29163,Missouri,Pike,17.05
29165,Missouri,Platte,19.11
29167,Missouri,Polk,16.84
29169,Missouri,Pulaski,18.79
29171,Missouri,Putnam,16.31
29173,Missouri,Ralls,17.03
29175,Missouri,Randolph,16.30
29177,Missouri,Ray,16.80
29179,Missouri,Reynolds,15.55
29181,Missouri,Ripley,14.36
29183,Missouri,St. Charles,19.54
29185,Missouri,St. Clair,14.55
29186,Missouri,Ste. Genevieve,18.44
29187,Missouri,St. Francois,17.72
29189,Missouri,St. Louis,18.65
29195,Missouri,Saline,16.89
29197,Missouri,Schuyler,17.35
29199,Missouri,Scotland,16.31
29201,Missouri,Scott,16.48
29203,Missouri,Shannon,15.17
29205,Missouri,Shelby,15.27
29207,Missouri,Stoddard,14.91
29209,Missouri,Stone,14.51
29211,Missouri,Sullivan,15.15
29213,Missouri,Taney,16.02
29215,Missouri,Texas,15.38
29217,Missouri,Vernon,15.41
29219,Missouri,Warren,19.85
29221,Missouri,Washington,16.22
29223,Missouri,Wayne,13.90
29225,Missouri,Webster,16.83
29227,Missouri,Worth,15.68
29229,Missouri,Wright,14.27
29510,Missouri,St. Louis City,19.34
30000,Montana,,24.44
30001,Montana,Beaverhead,20.87
30003,Montana,Big Horn,18.60
30005,Montana,Blaine,20.97
30007,Montana,Broadwater,21.11
30009,Montana,Carbon,20.78
30011,Montana,Carter,19.61
30013,Montana,Cascade,21.80
30015,Montana,Chouteau,19.57
30017,Montana,Custer,21.77
30019,Montana,Daniels,20.03
30021,Montana,Dawson,22.42
30023,Montana,Deer Lodge,19.59
30025,Montana,Fallon,23.66
30027,Montana,Fergus,21.11
30029,Montana,Flathead,20.85
30031,Montana,Gallatin,26.80
30033,Montana,Garfield,20.88
30035,Montana,Glacier,21.65
30037,Montana,Golden Valley,18.75
30039,Montana,Granite,19.00
30041,Montana,Hill,23.37
30043,Montana,Jefferson,21.26
30045,Montana,Judith Basin,19.11
30047,Montana,Lake,19.65
30049,Montana,Lewis and Clark,21.67
30051,Montana,Liberty,18.91
30053,Montana,Lincoln,18.82
30055,Montana,McCone,21.10
30057,Montana,Madison,19.98
30059,Montana,Meagher,19.48
30061,Montana,Mineral,18.78
30063,Montana,Missoula,25.49
30065,Montana,Musselshell,18.77
30067,Montana,Park,21.27
30069,Montana,Petroleum,19.06
30071,Montana,Phillips,19.98
30073,Montana,Pondera,21.41
30075,Montana,Powder River,19.12
30077,Montana,Powell,21.86
30079,Montana,Prairie,16.06
30081,Montana,Ravalli,20.33
30083,Montana,Richland,22.84
30085,Montana,Roosevelt,21.10
30087,Montana,Rosebud,20.16
30089,Montana,Sanders,17.21
30091,Montana,Sheridan,21.08
30093,Montana,Silver Bow,23.11
30095,Montana,Stillwater,22.02
30097,Montana,Sweet Grass,20.59
30099,Montana,Teton,21.81
30101,Montana,Toole,22.59
30103,Montana,Treasure,18.33
30105,Montana,Valley,20.51
30107,Montana,Wheatland,19.32
30109,Montana,Wibaux,19.58
30111,Montana,Yellowstone,23.05
31000,Nebraska,,22.10
31001,Nebraska,Adams,18.55
31003,Nebraska,Antelope,18.47
31005,Nebraska,Arthur,19.15
31007,Nebraska,Banner,19.29
31009,Nebraska,Blaine,19.23
31011,Nebraska,Boone,19.12
31013,Nebraska,Box Butte,19.75
31015,Nebraska,Boyd,17.77
31017,Nebraska,Brown,17.56
31019,Nebraska,Buffalo,21.55
31021,Nebraska,Burt,20.22
31023,Nebraska,Butler,20.22
31025,Nebraska,Cass,20.49
31027,Nebraska,Cedar,18.33
31029,Nebraska,Chase,18.17
31031,Nebraska,Cherry,17.38
31033,Nebraska,Cheyenne,20.02
31035,Nebraska,Clay,18.51
31037,Nebraska,Colfax,20.17
31039,Nebraska,Cuming,19.29
31041,Nebraska,Custer,18.30
31043,Nebraska,Dakota,18.32
31045,Nebraska,Dawes,18.65
31047,Nebraska,Dawson,18.44
31049,Nebraska,Deuel,17.42
31051,Nebraska,Dixon,19.71
31053,Nebraska,Dodge,20.41
31055,Nebraska,Douglas,21.54
31057,Nebraska,Dundy,17.86
31059,Nebraska,Fillmore,20.19
31061,Nebraska,Franklin,16.41
31063,Nebraska,Frontier,17.99
31065,Nebraska,Furnas,18.55
31067,Nebraska,Gage,19.06
31069,Nebraska,Garden,16.26
31071,Nebraska,Garfield,18.99
31073,Nebraska,Gosper,19.11
31075,Nebraska,Grant,18.30
31077,Nebraska,Greeley,19.85
31079,Nebraska,Hall,17.12
31081,Nebraska,Hamilton,20.05
31083,Nebraska,Harlan,18.16
31085,Nebraska,Hayes,17.39
31087,Nebraska,Hitchcock,18.21
31089,Nebraska,Holt,17.91
31091,Nebraska,Hooker,17.36
31093,Nebraska,Howard,19.65
31095,Nebraska,Jefferson,18.35
31097,Nebraska,Johnson,21.39
31099,Nebraska,Kearney,20.13
31101,Nebraska,Keith,17.14
31103,Nebraska,Keya Paha,15.63
31105,Nebraska,Kimball,16.92
31107,Nebraska,Knox,17.75
31109,Nebraska,Lancaster,22.06
31111,Nebraska,Lincoln,17.72
31113,Nebraska,Logan,18.67
31115,Nebraska,Loup,17.96
31117,Nebraska,McPherson,17.32
31119,Nebraska,Madison,20.67
31121,Nebraska,Merrick,18.69
31123,Nebraska,Morrill,18.71
31125,Nebraska,Nance,18.70
31127,Nebraska,Nemaha,19.87
31129,Nebraska,Nuckolls,17.95
31131,Nebraska,Otoe,19.59
31133,Nebraska,Pawnee,16.66
31135,Nebraska,Perkins,19.42
31137,Nebraska,Phelps,18.86
31139,Nebraska,Pierce,19.49
31141,Nebraska,Platte,20.66
31143,Nebraska,Polk,19.56
31145,Nebraska,Red Willow,18.27
31147,Nebraska,Richardson,17.86
31149,Nebraska,Rock,17.73
31151,Nebraska,Saline,18.87
31153,Nebraska,Sarpy,21.91
31155,Nebraska,Saunders,21.96
31157,Nebraska,Scotts Bluff,17.09
31159,Nebraska,Seward,20.96
31161,Nebraska,Sheridan,17.84
31163,Nebraska,Sherman,18.81
31165,Nebraska,Sioux,16.50
31167,Nebraska,Stanton,20.08
31169,Nebraska,Thayer,18.74
31171,Nebraska,Thomas,19.27
31173,Nebraska,Thurston,19.86
31175,Nebraska,Valley,19.04
31177,Nebraska,Washington,19.95
31179,Nebraska,Wayne,23.73
31181,Nebraska,Webster,19.12
31183,Nebraska,Wheeler,16.95
31185,Nebraska,York,20.40
32000,Nevada,,14.89
32001,Nevada,Churchill,17.08
32003,Nevada,Clark,14.10
32005,Nevada,Douglas,15.86
32007,Nevada,Elko,18.06
32009,Nevada,Esmeralda,13.14
32011,Nevada,Eureka,16.10
32013,Nevada,Humboldt,18.11
32015,Nevada,Lander,17.80
32017,Nevada,Lincoln,16.96
32019,Nevada,Lyon,17.07
32021,Nevada,Mineral,14.08
32023,Nevada,Nye,14.07
32027,Nevada,Pershing,18.59
32029,Nevada,Storey,15.08
32031,Nevada,Washoe,19.42
32033,Nevada,White Pine,17.92
32510,Nevada,Carson City,16.84
33000,New Hampshire,,18.55
33001,New Hampshire,Belknap,17.90
33003,New Hampshire,Carroll,17.01
33005,New Hampshire,Cheshire,18.90
33007,New Hampshire,Coos,17.36
33009,New Hampshire,Grafton,17.38
33011,New Hampshire,Hillsborough,16.57
33013,New Hampshire,Merrimack,19.39
33015,New Hampshire,Rockingham,20.29
33017,New Hampshire,Strafford,20.66
33019,New Hampshire,Sullivan,16.85
34000,New Jersey,,16.84
34001,New Jersey,Atlantic,17.35
34003,New Jersey,Bergen,16.10
34005,New Jersey,Burlington,17.79
34007,New Jersey,Camden,17.71
34009,New Jersey,Cape May,17.50
34011,New Jersey,Cumberland,17.09
34013,New Jersey,Essex,15.47
34015,New Jersey,Gloucester,18.43
34017,New Jersey,Hudson,16.89
34019,New Jersey,Hunterdon,19.52
34021,New Jersey,Mercer,15.70
34023,New Jersey,Middlesex,14.09
34025,New Jersey,Monmouth,17.35
34027,New Jersey,Morris,18.55
34029,New Jersey,Ocean,15.95
34031,New Jersey,Passaic,15.83
34033,New Jersey,Salem,17.07
34035,New Jersey,Somerset,15.69
34037,New Jersey,Sussex,19.66
34039,New Jersey,Union,16.69
34041,New Jersey,Warren,17.67
35000,New Mexico,,15.79
35001,New Mexico,Bernalillo,15.54
35003,New Mexico,Catron,10.24
35005,New Mexico,Chaves,14.36
35006,New Mexico,Cibola,14.94
35007,New Mexico,Colfax,13.37
35009,New Mexico,Curry,14.85
35011,New Mexico,De Baca,12.37
35013,New Mexico,Dona Ana,14.84
35015,New Mexico,Eddy,15.89
35017,New Mexico,Grant,13.90
35019,New Mexico,Guadalupe,14.44
35021,New Mexico,Harding,10.85
35023,New Mexico,Hidalgo,12.86
35025,New Mexico,Lea,17.09
35027,New Mexico,Lincoln,13.49
35028,New Mexico,Los Alamos,16.38
35029,New Mexico,Luna,12.48
35031,New Mexico,McKinley,12.60
35033,New Mexico,Mora,12.03
35035,New Mexico,Otero,13.67
35037,New Mexico,Quay,12.23
35039,New Mexico,Rio Arriba,13.03
35041,New Mexico,Roosevelt,15.47
35043,New Mexico,Sandoval,14.44
35045,New Mexico,San Juan,12.82
35047,New Mexico,San Miguel,13.72
35049,New Mexico,Santa Fe,13.41
35051,New Mexico,Sierra,11.70
35053,New Mexico,Socorro,13.02
35055,New Mexico,Taos,13.03
35057,New Mexico,Torrance,13.24
35059,New Mexico,Union,15.05
35061,New Mexico,Valencia,13.12
36000,New York,,17.51
36001,New York,Albany,18.96
36003,New York,Allegany,19.32
36005,New York,Bronx,13.78
36007,New York,Broome,17.42
36009,New York,Cattaraugus,18.21
36011,New York,Cayuga,17.45
36013,New York,Chautauqua,17.16
36015,New York,Chemung,18.40
36017,New York,Chenango,17.51
36019,New York,Clinton,19.81
36021,New York,Columbia,17.27
36023,New York,Cortland,18.89
36025,New York,Delaware,16.53
36027,New York,Dutchess,18.29
36029,New York,Erie,20.10
36031,New York,Essex,19.11
36033,New York,Franklin,20.65
36035,New York,Fulton,19.23
36037,New York,Genesee,18.97
36039,New York,Greene,19.59
36041,New York,Hamilton,18.45
36043,New York,Herkimer,19.67
36045,New York,Jefferson,21.27
36047,New York,Kings,16.96
36049,New York,Lewis,18.12
36051,New York,Livingston,19.46
36053,New York,Madison,19.22
36055,New York,Monroe,16.67
36057,New York,Montgomery,17.04
36059,New York,Nassau,16.40
36061,New York,New York,20.72
36063,New York,Niagara,17.85
36065,New York,Oneida,18.26
36067,New York,Onondaga,17.43
36069,New York,Ontario,19.61
36071,New York,Orange,17.37
36073,New York,Orleans,17.31
36075,New York,Oswego,20.07
36077,New York,Otsego,18.66
36079,New York,Putnam,18.10
36081,New York,Queens,14.49
36083,New York,Rensselaer,20.09
36085,New York,Richmond,14.70
36087,New York,Rockland,15.10
36089,New York,St. Lawrence,20.90
36091,New York,Saratoga,21.37
36093,New York,Schenectady,17.67
36095,New York,Schoharie,17.96
36097,New York,Schuyler,17.91
36099,New York,Seneca,18.43
36101,New York,Steuben,18.77
36103,New York,Suffolk,17.08
36105,New York,Sullivan,17.54
36107,New York,Tioga,17.36
36109,New York,Tompkins,20.38
36111,New York,Ulster,18.91
36113,New York,Warren,19.27
36115,New York,Washington,19.76
36117,New York,Wayne,18.08
36119,New York,Westchester,16.29
36121,New York,Wyoming,19.18
36123,New York,Yates,16.23
37000,North Carolina,,18.24
37001,North Carolina,Alamance,17.23
37003,North Carolina,Alexander,17.80
37005,North Carolina,Alleghany,14.46
37007,North Carolina,Anson,14.70
37009,North Carolina,Ashe,16.71
37011,North Carolina,Avery,17.67
37013,North Carolina,Beaufort,14.79
37015,North Carolina,Bertie,13.11
37017,North Carolina,Bladen,14.55
37019,North Carolina,Brunswick,16.06
37021,North Carolina,Buncombe,19.02
37023,North Carolina,Burke,16.31
37025,North Carolina,Cabarrus,17.60
37027,North Carolina,Caldwell,16.17
37029,North Carolina,Camden,18.98
37031,North Carolina,Carteret,16.88
37033,North Carolina,Caswell,15.29
37035,North Carolina,Catawba,17.90
37037,North Carolina,Chatham,16.35
37039,North Carolina,Cherokee,14.52
37041,North Carolina,Chowan,13.93
37043,North Carolina,Clay,15.07
37045,North Carolina,Cleveland,16.20
37047,North Carolina,Columbus,14.91
37049,North Carolina,Craven,17.45
37051,North Carolina,Cumberland,18.74
37053,North Carolina,Currituck,20.10
37055,North Carolina,Dare,18.66
37057,North Carolina,Davidson,15.62
37059,North Carolina,Davie,16.81
37061,North Carolina,Duplin,15.31
37063,North Carolina,Durham,18.96
37065,North Carolina,Edgecombe,13.25
37067,North Carolina,Forsyth,15.73
37069,North Carolina,Franklin,16.85
37071,North Carolina,Gaston,17.56
37073,North Carolina,Gates,15.79
37075,North Carolina,Graham,16.75
37077,North Carolina,Granville,17.31
37079,North Carolina,Greene,16.37
37081,North Carolina,Guilford,16.37
37083,North Carolina,Halifax,12.83
37085,North Carolina,Harnett,16.33
37087,North Carolina,Haywood,16.55
37089,North Carolina,Henderson,16.72
37091,North Carolina,Hertford,13.66
37093,North Carolina,Hoke,17.42
37095,North Carolina,Hyde,15.26
37097,North Carolina,Iredell,17.93
37099,North Carolina,Jackson,18.40
37101,North Carolina,Johnston,17.82
37103,North Carolina,Jones,14.85
37105,North Carolina,Lee,15.98
37107,North Carolina,Lenoir,14.49
37109,North Carolina,Lincoln,18.21
37111,North Carolina,McDowell,16.58
37113,North Carolina,Macon,15.06
37115,North Carolina,Madison,17.11
37117,North Carolina,Martin,14.29
37119,North Carolina,Mecklenburg,19.26
37121,North Carolina,Mitchell,16.71
37123,North Carolina,Montgomery,15.14
37125,North Carolina,Moore,18.17
37127,North Carolina,Nash,16.22
37129,North Carolina,New Hanover,20.97
37131,North Carolina,Northampton,12.64
37133,North Carolina,Onslow,20.39
37135,North Carolina,Orange,19.57
37137,North Carolina,Pamlico,15.21
37139,North Carolina,Pasquotank,17.18
37141,North Carolina,Pender,18.00
37143,North Carolina,Perquimans,15.21
37145,North Carolina,Person,15.91
37147,North Carolina,Pitt,15.93
37149,North Carolina,Polk,15.72
37151,North Carolina,Randolph,16.82
37153,North Carolina,Richmond,14.98
37155,North Carolina,Robeson,14.58
37157,North Carolina,Rockingham,15.79
37159,North Carolina,Rowan,18.30
37161,North Carolina,Rutherford,16.01
37163,North Carolina,Sampson,15.09
37165,North Carolina,Scotland,14.52
37167,North Carolina,Stanly,17.31
37169,North Carolina,Stokes,16.72
37171,North Carolina,Surry,15.67
37173,North Carolina,Swain,16.84
37175,North Carolina,Transylvania,16.17
37177,North Carolina,Tyrrell,15.33
37179,North Carolina,Union,18.41
37181,North Carolina,Vance,14.49
37183,North Carolina,Wake,21.48
37185,North Carolina,Warren,13.17
37187,North Carolina,Washington,12.85
37189,North Carolina,Watauga,19.11
37191,North Carolina,Wayne,15.53
37193,North Carolina,Wilkes,15.87
37195,North Carolina,Wilson,14.77
37197,North Carolina,Yadkin,16.49
37199,North Carolina,Yancey,16.33
38000,North Dakota,,23.00
38001,North Dakota,Adams,17.57
38003,North Dakota,Barnes,18.71
38005,North Dakota,Benson,18.19
38007,North Dakota,Billings,20.16
38009,North Dakota,Bottineau,20.60
38011,North Dakota,Bowman,20.08
38013,North Dakota,Burke,20.17
38015,North Dakota,Burleigh,20.86
38017,North Dakota,Cass,22.47
38019,North Dakota,Cavalier,19.07
38021,North Dakota,Dickey,19.59
38023,North Dakota,Divide,18.59
38025,North Dakota,Dunn,22.34
38027,North Dakota,Eddy,18.46
38029,North Dakota,Emmons,17.72
38031,North Dakota,Foster,19.73
38033,North Dakota,Golden Valley,18.35
38035,North Dakota,Grand Forks,22.93
38037,North Dakota,Grant,17.96
38039,North Dakota,Griggs,19.36
38041,North Dakota,Hettinger,19.04
38043,North Dakota,Kidder,18.33
38045,North Dakota,LaMoure,18.27
38047,North Dakota,Logan,18.01
38049,North Dakota,McHenry,20.04
38051,North Dakota,McIntosh,17.54
38053,North Dakota,McKenzie,22.78
38055,North Dakota,McLean,18.95
38057,North Dakota,Mercer,22.20
38059,North Dakota,Morton,22.26
38061,North Dakota,Mountrail,22.38
38063,North Dakota,Nelson,18.82
38065,North Dakota,Oliver,19.75
38067,North Dakota,Pembina,19.02
38069,North Dakota,Pierce,19.40
38071,North Dakota,Ramsey,22.06
38073,North Dakota,Ransom,19.49
38075,North Dakota,Renville,20.51
38077,North Dakota,Richland,22.22
38079,North Dakota,Rolette,20.44
38081,North Dakota,Sargent,22.52
38083,North Dakota,Sheridan,17.42
38085,North Dakota,Sioux,17.60
38087,North Dakota,Slope,19.12
38089,North Dakota,Stark,21.53
38091,North Dakota,Steele,18.82
38093,North Dakota,Stutsman,19.99
38095,North Dakota,Towner,17.32
38097,North Dakota,Traill,23.23
38099,North Dakota,Walsh,18.61
38101,North Dakota,Ward,24.39
38103,North Dakota,Wells,17.65
38105,North Dakota,Williams,24.78
39000,Ohio,,20.00
39001,Ohio,Adams,15.27
39003,Ohio,Allen,18.65
39005,Ohio,Ashland,17.80
39007,Ohio,Ashtabula,16.62
39009,Ohio,Athens,19.52
39011,Ohio,Auglaize,18.27
39013,Ohio,Belmont,16.42
39015,Ohio,Brown,17.40
39017,Ohio,Butler,18.46
39019,Ohio,Carroll,16.77
39021,Ohio,Champaign,17.68
39023,Ohio,Clark,16.04
39025,Ohio,Clermont,20.04
39027,Ohio,Clinton,17.02
39029,Ohio,Columbiana,15.99
39031,Ohio,Coshocton,15.89
39033,Ohio,Crawford,16.33
39035,Ohio,Cuyahoga,17.13
39037,Ohio,Darke,16.18
39039,Ohio,Defiance,17.41
39041,Ohio,Delaware,17.98
39043,Ohio,Erie,19.28
39045,Ohio,Fairfield,20.47
39047,Ohio,Fayette,16.35
39049,Ohio,Franklin,19.63
39051,Ohio,Fulton,16.90
39053,Ohio,Gallia,16.08
39055,Ohio,Geauga,17.16
39057,Ohio,Greene,16.93
39059,Ohio,Guernsey,16.61
39061,Ohio,Hamilton,20.45
39063,Ohio,Hancock,18.19
39065,Ohio,Hardin,18.68
39067,Ohio,Harrison,15.67
39069,Ohio,Henry,18.25
39071,Ohio,Highland,17.88
39073,Ohio,Hocking,16.65
39075,Ohio,Holmes,18.20
39077,Ohio,Huron,18.81
39079,Ohio,Jackson,15.45
39081,Ohio,Jefferson,16.96
39083,Ohio,Knox,16.34
39085,Ohio,Lake,17.94
39087,Ohio,Lawrence,15.10
39089,Ohio,Licking,17.18
39091,Ohio,Logan,17.63
39093,Ohio,Lorain,19.03
39095,Ohio,Lucas,15.48
39097,Ohio,Madison,19.20
39099,Ohio,Mahoning,15.34
39101,Ohio,Marion,17.92
39103,Ohio,Medina,17.95
39105,Ohio,Meigs,15.78
39107,Ohio,Mercer,18.91
39109,Ohio,Miami,17.41
39111,Ohio,Monroe,17.21
39113,Ohio,Montgomery,17.47
39115,Ohio,Morgan,15.75
39117,Ohio,Morrow,16.88
39119,Ohio,Muskingum,17.43
39121,Ohio,Noble,14.90
39123,Ohio,Ottawa,17.02
39125,Ohio,Paulding,17.14
39127,Ohio,Perry,17.88
39129,Ohio,Pickaway,18.57
39131,Ohio,Pike,14.59
39133,Ohio,Portage,19.14
39135,Ohio,Preble,17.46
39137,Ohio,Putnam,19.06
39139,Ohio,Richland,16.46
39141,Ohio,Ross,17.35
39143,Ohio,Sandusky,17.57
39145,Ohio,Scioto,14.13
39147,Ohio,Seneca,17.12
39149,Ohio,Shelby,18.27
39151,Ohio,Stark,16.62
39153,Ohio,Summit,17.20
39155,Ohio,Trumbull,14.84
39157,Ohio,Tuscarawas,16.03
39159,Ohio,Union,19.09
39161,Ohio,Van Wert,17.03
39163,Ohio,Vinton,16.02
39165,Ohio,Warren,19.19
39167,Ohio,Washington,16.92
39169,Ohio,Wayne,18.08
39171,Ohio,Williams,17.17
39173,Ohio,Wood,19.28
39175,Ohio,Wyandot,18.29
40000,Oklahoma,,13.82
40001,Oklahoma,Adair,12.66
40003,Oklahoma,Alfalfa,14.61
40005,Oklahoma,Atoka,13.53
40007,Oklahoma,Beaver,14.23
40009,Oklahoma,Beckham,14.30
40011,Oklahoma,Blaine,13.45
40013,Oklahoma,Bryan,13.92
40015,Oklahoma,Caddo,13.30
40017,Oklahoma,Canadian,15.30
40019,Oklahoma,Carter,14.22
40021,Oklahoma,Cherokee,13.82
40023,Oklahoma,Choctaw,12.50
40025,Oklahoma,Cimarron,13.14
40027,Oklahoma,Cleveland,16.34
40029,Oklahoma,Coal,12.63
40031,Oklahoma,Comanche,16.06
40033,Oklahoma,Cotton,13.12
40035,Oklahoma,Craig,13.64
40037,Oklahoma,Creek,15.65
40039,Oklahoma,Custer,14.72
40041,Oklahoma,Delaware,13.09
40043,Oklahoma,Dewey,13.54
40045,Oklahoma,Ellis,13.51
40047,Oklahoma,Garfield,14.41
40049,Oklahoma,Garvin,13.53
40051,Oklahoma,Grady,14.29
40053,Oklahoma,Grant,13.70
40055,Oklahoma,Greer,15.10
40057,Oklahoma,Harmon,12.12
40059,Oklahoma,Harper,13.29
40061,Oklahoma,Haskell,12.84
40063,Oklahoma,Hughes,14.02
40065,Oklahoma,Jackson,14.84
40067,Oklahoma,Jefferson,12.39
40069,Oklahoma,Johnston,13.25
40071,Oklahoma,Kay,13.90
40073,Oklahoma,Kingfisher,14.96
40075,Oklahoma,Kiowa,12.97
40077,Oklahoma,Latimer,13.53
40079,Oklahoma,Le Flore,13.17
40081,Oklahoma,Lincoln,13.61
40083,Oklahoma,Logan,14.69
40085,Oklahoma,Love,13.72
40087,Oklahoma,McClain,15.49
40089,Oklahoma,McCurtain,12.83
40091,Oklahoma,McIntosh,11.70
40093,Oklahoma,Major,14.16
40095,Oklahoma,Marshall,12.39
40097,Oklahoma,Mayes,13.15
40099,Oklahoma,Murray,13.27
40101,Oklahoma,Muskogee,13.69
40103,Oklahoma,Noble,13.90
40105,Oklahoma,Nowata,13.71
40107,Oklahoma,Okfuskee,12.96
40109,Oklahoma,Oklahoma,13.28
40111,Oklahoma,Okmulgee,13.30
40113,Oklahoma,Osage,14.07
40115,Oklahoma,Ottawa,12.97
40117,Oklahoma,Pawnee,13.67
40119,Oklahoma,Payne,15.69
40121,Oklahoma,Pittsburg,14.15
40123,Oklahoma,Pontotoc,14.06
40125,Oklahoma,Pottawatomie,14.30
40127,Oklahoma,Pushmataha,12.70
40129,Oklahoma,Roger Mills,13.22
40131,Oklahoma,Rogers,15.26
40133,Oklahoma,Seminole,12.50
40135,Oklahoma,Sequoyah,13.08
40137,Oklahoma,Stephens,12.37
40139,Oklahoma,Texas,13.27
40141,Oklahoma,Tillman,12.85
40143,Oklahoma,Tulsa,14.18
40145,Oklahoma,Wagoner,14.21
40147,Oklahoma,Washington,13.11
40149,Oklahoma,Washita,13.69
40151,Oklahoma,Woods,15.26
40153,Oklahoma,Woodward,14.65
41000,Oregon,,19.61
41001,Oregon,Baker,15.86
41003,Oregon,Benton,17.81
41005,Oregon,Clackamas,19.32
41007,Oregon,Clatsop,16.56
41009,Oregon,Columbia,16.59
41011,Oregon,Coos,14.74
41013,Oregon,Crook,16.34
41015,Oregon,Curry,14.25
41017,Oregon,Deschutes,21.15
41019,Oregon,Douglas,15.29
41021,Oregon,Gilliam,15.23
41023,Oregon,Grant,15.75
41025,Oregon,Harney,15.66
41027,Oregon,Hood River,18.89
41029,Oregon,Jackson,16.42
41031,Oregon,Jefferson,16.79
41033,Oregon,Josephine,16.33
41035,Oregon,Klamath,15.40
41037,Oregon,Lake,16.09
41039,Oregon,Lane,18.40
41041,Oregon,Lincoln,16.03
41043,Oregon,Linn,17.47
41045,Oregon,Malheur,17.50
41047,Oregon,Marion,16.27
41049,Oregon,Morrow,16.27
41051,Oregon,Multnomah,23.65
41053,Oregon,Polk,17.74
41055,Oregon,Sherman,16.02
41057,Oregon,Tillamook,15.83
41059,Oregon,Umatilla,17.83
41061,Oregon,Union,18.24
41063,Oregon,Wallowa,15.86
41065,Oregon,Wasco,16.55
41067,Oregon,Washington,19.06
41069,Oregon,Wheeler,13.77
41071,Oregon,Yamhill,19.52
42000,Pennsylvania,,19.08
42001,Pennsylvania,Adams,18.31
42003,Pennsylvania,Allegheny,20.94
42005,Pennsylvania,Armstrong,17.21
42007,Pennsylvania,Beaver,17.86
42009,Pennsylvania,Bedford,17.19
42011,Pennsylvania,Berks,16.57
42013,Pennsylvania,Blair,17.50
42015,Pennsylvania,Bradford,16.71
42017,Pennsylvania,Bucks,19.16
42019,Pennsylvania,Butler,19.57
42021,Pennsylvania,Cambria,16.89
42023,Pennsylvania,Cameron,15.51
42025,Pennsylvania,Carbon,17.05
42027,Pennsylvania,Centre,18.85
42029,Pennsylvania,Chester,18.10
42031,Pennsylvania,Clarion,17.72
42033,Pennsylvania,Clearfield,17.70
42035,Pennsylvania,Clinton,17.77
42037,Pennsylvania,Columbia,17.32
42039,Pennsylvania,Crawford,17.00
42041,Pennsylvania,Cumberland,17.08
42043,Pennsylvania,Dauphin,16.83
42045,Pennsylvania,Delaware,16.76
42047,Pennsylvania,Elk,17.09
42049,Pennsylvania,Erie,18.24
42051,Pennsylvania,Fayette,16.55
42053,Pennsylvania,Forest,17.38
42055,Pennsylvania,Franklin,17.82
42057,Pennsylvania,Fulton,17.65
42059,Pennsylvania,Greene,17.79
42061,Pennsylvania,Huntingdon,18.46
42063,Pennsylvania,Indiana,18.73
42065,Pennsylvania,Jefferson,18.02
42067,Pennsylvania,Juniata,17.38
42069,Pennsylvania,Lackawanna,16.67
42071,Pennsylvania,Lancaster,17.17
42073,Pennsylvania,Lawrence,18.06
42075,Pennsylvania,Lebanon,17.89
42077,Pennsylvania,Lehigh,19.39
42079,Pennsylvania,Luzerne,16.75
42081,Pennsylvania,Lycoming,17.45
42083,Pennsylvania,McKean,17.39
42085,Pennsylvania,Mercer,17.47
42087,Pennsylvania,Mifflin,16.51
42089,Pennsylvania,Monroe,16.29
42091,Pennsylvania,Montgomery,18.56
42093,Pennsylvania,Montour,17.34
42095,Pennsylvania,Northampton,18.95
42097,Pennsylvania,Northumberland,17.43
42099,Pennsylvania,Perry,17.70
42101,Pennsylvania,Philadelphia,18.57
42103,Pennsylvania,Pike,17.03
42105,Pennsylvania,Potter,16.61
42107,Pennsylvania,Schuylkill,17.78
42109,Pennsylvania,Snyder,18.44
42111,Pennsylvania,Somerset,18.31
42113,Pennsylvania,Sullivan,16.05
42115,Pennsylvania,Susquehanna,17.21
42117,Pennsylvania,Tioga,17.34
42119,Pennsylvania,Union,18.68
42121,Pennsylvania,Venango,16.38
42123,Pennsylvania,Warren,17.23
42125,Pennsylvania,Washington,17.97
42127,Pennsylvania,Wayne,17.44
42129,Pennsylvania,Westmoreland,18.48
42131,Pennsylvania,Wyoming,18.92
42133,Pennsylvania,York,17.52
44000,Rhode Island,,21.12
44001,Rhode Island,Bristol,19.50
44003,Rhode Island,Kent,19.76
44005,Rhode Island,Newport,22.12
44007,Rhode Island,Providence,18.22
44009,Rhode Island,Washington,20.73
45000,South Carolina,,18.13
45001,South Carolina,Abbeville,16.08
45003,South Carolina,Aiken,15.34
45005,South Carolina,Allendale,13.40
45007,South Carolina,Anderson,17.49
45009,South Carolina,Bamberg,13.97
45011,South Carolina,Barnwell,14.87
45013,South Carolina,Beaufort,19.22
45015,South Carolina,Berkeley,19.59
45017,South Carolina,Calhoun,15.47
45019,South Carolina,Charleston,24.92
45021,South Carolina,Cherokee,15.93
45023,South Carolina,Chester,14.68
45025,South Carolina,Chesterfield,15.19
45027,South Carolina,Clarendon,14.31
45029,South Carolina,Colleton,15.60
45031,South Carolina,Darlington,15.36
45033,South Carolina,Dillon,13.59
45035,South Carolina,Dorchester,17.84
45037,South Carolina,Edgefield,15.90
45039,South Carolina,Fairfield,13.46
45041,South Carolina,Florence,14.91
45043,South Carolina,Georgetown,14.40
45045,South Carolina,Greenville,16.64
45047,South Carolina,Greenwood,14.48
45049,South Carolina,Hampton,13.44
45051,South Carolina,Horry,16.99
45053,South Carolina,Jasper,14.97
45055,South Carolina,Kershaw,15.43
45057,South Carolina,Lancaster,16.27
45059,South Carolina,Laurens,16.03
45061,South Carolina,Lee,14.19
45063,South Carolina,Lexington,17.48
45065,South Carolina,McCormick,13.74
45067,South Carolina,Marion,13.33
45069,South Carolina,Marlboro,14.54
45071,South Carolina,Newberry,16.37
45073,South Carolina,Oconee,16.28
45075,South Carolina,Orangeburg,13.42
45077,South Carolina,Pickens,16.90
45079,South Carolina,Richland,19.98
45081,South Carolina,Saluda,15.74
45083,South Carolina,Spartanburg,16.02
45085,South Carolina,Sumter,15.87
45087,South Carolina,Union,14.19
45089,South Carolina,Williamsburg,13.31
45091,South Carolina,York,17.63
46000,South Dakota,,22.43
46003,South Dakota,Aurora,21.09
46005,South Dakota,Beadle,17.62
46007,South Dakota,Bennett,18.95
46009,South Dakota,Bon Homme,20.08
46011,South Dakota,Brookings,23.95
46013,South Dakota,Brown,19.33
46015,South Dakota,Brule,18.24
46017,South Dakota,Buffalo,17.91
46019,South Dakota,Butte,18.27
46021,South Dakota,Campbell,17.13
46023,South Dakota,Charles Mix,16.98
46025,South Dakota,Clark,19.21
46027,South Dakota,Clay,22.06
46029,South Dakota,Codington,19.38
46031,South Dakota,Corson,16.37
46033,South Dakota,Custer,16.36
46035,South Dakota,Davison,19.37
46037,South Dakota,Day,17.44
46039,South Dakota,Deuel,17.87
46041,South Dakota,Dewey,18.25
46043,South Dakota,Douglas,18.34
46045,South Dakota,Edmunds,18.73
46047,South Dakota,Fall River,16.05
46049,South Dakota,Faulk,17.44
46051,South Dakota,Grant,19.15
46053,South Dakota,Gregory,17.58
46055,South Dakota,Haakon,16.83
46057,South Dakota,Hamlin,19.60
46059,South Dakota,Hand,18.42
46061,South Dakota,Hanson,20.77
46063,South Dakota,Harding,19.66
46065,South Dakota,Hughes,19.55
46067,South Dakota,Hutchinson,17.95
46069,South Dakota,Hyde,18.66
46071,South Dakota,Jackson,16.46
46073,South Dakota,Jerauld,18.49
46075,South Dakota,Jones,17.86
46077,South Dakota,Kingsbury,19.25
46079,South Dakota,Lake,18.70
46081,South Dakota,Lawrence,19.89
46083,South Dakota,Lincoln,22.15
46085,South Dakota,Lyman,17.41
46087,South Dakota,McCook,20.34
46089,South Dakota,McPherson,17.03
46091,South Dakota,Marshall,20.11
46093,South Dakota,Meade,18.74
46095,South Dakota,Mellette,15.33
46097,South Dakota,Miner,18.84
46099,South Dakota,Minnehaha,23.06
46101,South Dakota,Moody,19.86
46102,South Dakota,Oglala Lakota,15.91
46103,South Dakota,Pennington,18.40
46105,South Dakota,Perkins,17.88
46107,South Dakota,Potter,17.45
46109,South Dakota,Roberts,16.76
46111,South Dakota,Sanborn,18.95
46113,South Dakota,Shannon,
46115,South Dakota,Spink,18.97
46117,South Dakota,Stanley,19.93
46119,South Dakota,Sully,18.39
46121,South Dakota,Todd,17.88
46123,South Dakota,Tripp,16.99
46125,South Dakota,Turner,18.81
46127,South Dakota,Union,19.49
46129,South Dakota,Walworth,17.26
46135,South Dakota,Yankton,20.54
46137,South Dakota,Ziebach,17.34
47000,Tennessee,,16.89
47001,Tennessee,Anderson,15.14
47003,Tennessee,Bedford,15.48
47005,Tennessee,Benton,13.08
47007,Tennessee,Bledsoe,14.80
47009,Tennessee,Blount,14.56
47011,Tennessee,Bradley,14.63
47013,Tennessee,Campbell,14.02
47015,Tennessee,Cannon,15.17
47017,Tennessee,Carroll,14.72
47019,Tennessee,Carter,13.77
47021,Tennessee,Cheatham,16.95
47023,Tennessee,Chester,14.42
47025,Tennessee,Claiborne,14.35
47027,Tennessee,Clay,12.58
47029,Tennessee,Cocke,12.81
47031,Tennessee,Coffee,15.20
47033,Tennessee,Crockett,14.00
47035,Tennessee,Cumberland,12.46
47037,Tennessee,Davidson,18.90
47039,Tennessee,Decatur,13.84
47041,Tennessee,DeKalb,14.09
47043,Tennessee,Dickson,16.38
47045,Tennessee,Dyer,14.69
47047,Tennessee,Fayette,13.00
47049,Tennessee,Fentress,13.24
47051,Tennessee,Franklin,15.39
47053,Tennessee,Gibson,14.25
47055,Tennessee,Giles,14.63
47057,Tennessee,Grainger,13.70
47059,Tennessee,Greene,14.36
47061,Tennessee,Grundy,13.97
47063,Tennessee,Hamblen,13.91
47065,Tennessee,Hamilton,15.32
47067,Tennessee,Hancock,12.76
47069,Tennessee,Hardeman,13.06
47071,Tennessee,Hardin,13.68
47073,Tennessee,Hawkins,14.16
47075,Tennessee,Haywood,12.02
47077,Tennessee,Henderson,14.36
47079,Tennessee,Henry,13.56
47081,Tennessee,Hickman,15.97
47083,Tennessee,Houston,14.85
47085,Tennessee,Humphreys,15.10
47087,Tennessee,Jackson,14.00
47089,Tennessee,Jefferson,15.25
47091,Tennessee,Johnson,13.83
47093,Tennessee,Knox,16.95
47095,Tennessee,Lake,14.59
47097,Tennessee,Lauderdale,13.75
47099,Tennessee,Lawrence,14.42
47101,Tennessee,Lewis,13.83
47103,Tennessee,Lincoln,15.02
47105,Tennessee,Loudon,13.82
47107,Tennessee,McMinn,14.03
47109,Tennessee,McNairy,13.71
47111,Tennessee,Macon,14.95
47113,Tennessee,Madison,13.86
47115,Tennessee,Marion,14.22
47117,Tennessee,Marshall,15.04
47119,Tennessee,Maury,15.53
47121,Tennessee,Meigs,14.99
47123,Tennessee,Monroe,14.60
47125,Tennessee,Montgomery,16.84
47127,Tennessee,Moore,14.28
47129,Tennessee,Morgan,14.99
47131,Tennessee,Obion,13.44
47133,Tennessee,Overton,13.94
47135,Tennessee,Perry,13.99
47137,Tennessee,Pickett,12.80
47139,Tennessee,Polk,15.17
47141,Tennessee,Putnam,15.79
47143,Tennessee,Rhea,13.85
47145,Tennessee,Roane,14.32
47147,Tennessee,Robertson,16.05
47149,Tennessee,Rutherford,16.92
47151,Tennessee,Scott,14.37
47153,Tennessee,Sequatchie,13.61
47155,Tennessee,Sevier,14.69
47157,Tennessee,Shelby,15.43
47159,Tennessee,Smith,15.75
47161,Tennessee,Stewart,15.31
47163,Tennessee,Sullivan,12.51
47165,Tennessee,Sumner,15.11
47167,Tennessee,Tipton,16.40
47169,Tennessee,Trousdale,18.62
47171,Tennessee,Unicoi,14.47
47173,Tennessee,Union,14.65
47175,Tennessee,Van Buren,13.63
47177,Tennessee,Warren,14.11
47179,Tennessee,Washington,14.82
47181,Tennessee,Wayne,15.50
47183,Tennessee,Weakley,15.00
47185,Tennessee,White,14.43
47187,Tennessee,Williamson,17.00
47189,Tennessee,Wilson,16.29
48000,Texas,,18.25
48001,Texas,Anderson,18.85
48003,Texas,Andrews,19.06
48005,Texas,Angelina,14.79
48007,Texas,Aransas,16.24
48009,Texas,Archer,18.94
48011,Texas,Armstrong,19.55
48013,Texas,Atascosa,17.72
48015,Texas,Austin,18.18
48017,Texas,Bailey,17.56
48019,Texas,Bandera,16.21
48021,Texas,Bastrop,19.85
48023,Texas,Baylor,17.46
48025,Texas,Bee,19.20
48027,Texas,Bell,17.67
48029,Texas,Bexar,18.35
48031,Texas,Blanco,17.60
48033,Texas,Borden,18.87
48035,Texas,Bosque,17.18
48037,Texas,Bowie,17.50
48039,Texas,Brazoria,20.03
48041,Texas,Brazos,21.08
48043,Texas,Brewster,17.03
48045,Texas,Briscoe,15.21
48047,Texas,Brooks,14.32
48049,Texas,Brown,17.54
48051,Texas,Burleson,17.33
48053,Texas,Burnet,18.32
48055,Texas,Caldwell,17.46
48057,Texas,Calhoun,17.43
48059,Texas,Callahan,18.60
48061,Texas,Cameron,16.78
48063,Texas,Camp,16.75
48065,Texas,Carson,19.09
48067,Texas,Cass,16.13
48069,Texas,Castro,17.45
48071,Texas,Chambers,20.04
48073,Texas,Cherokee,17.29
48075,Texas,Childress,20.14
48077,Texas,Clay,18.33
48079,Texas,Cochran,15.00
48081,Texas,Coke,16.85
48083,Texas,Coleman,16.20
48085,Texas,Collin,17.80
48087,Texas,Collingsworth,16.05
48089,Texas,Colorado,16.49
48091,Texas,Comal,20.09
48093,Texas,Comanche,17.08
48095,Texas,Concho,16.09
48097,Texas,Cooke,19.12
48099,Texas,Coryell,20.07
48101,Texas,Cottle,14.41
48103,Texas,Crane,18.82
48105,Texas,Crockett,17.63
48107,Texas,Crosby,15.52
48109,Texas,Culberson,14.58
48111,Texas,Dallam,17.60
48113,Texas,Dallas,18.84
48115,Texas,Dawson,16.98
48117,Texas,Deaf Smith,16.91
48119,Texas,Delta,17.47
48121,Texas,Denton,19.43
48123,Texas,DeWitt,17.20
48125,Texas,Dickens,17.17
48127,Texas,Dimmit,13.21
48129,Texas,Donley,17.35
48131,Texas,Duval,16.06
48133,Texas,Eastland,17.04
48135,Texas,Ector,18.42
48137,Texas,Edwards,13.97
48139,Texas,Ellis,19.73
48141,Texas,El Paso,16.79
48143,Texas,Erath,19.47
48145,Texas,Falls,15.82
48147,Texas,Fannin,18.48
48149,Texas,Fayette,16.84
48151,Texas,Fisher,17.11
48153,Texas,Floyd,16.67
48155,Texas,Foard,14.16
48157,Texas,Fort Bend,16.86
48159,Texas,Franklin,18.96
48161,Texas,Freestone,17.81
48163,Texas,Frio,18.33
48165,Texas,Gaines,19.81
48167,Texas,Galveston,18.53
48169,Texas,Garza,20.96
48171,Texas,Gillespie,16.51
48173,Texas,Glasscock,19.50
48175,Texas,Goliad,16.99
48177,Texas,Gonzales,16.56
48179,Texas,Gray,18.30
48181,Texas,Grayson,18.28
48183,Texas,Gregg,17.50
48185,Texas,Grimes,17.61
48187,Texas,Guadalupe,19.12
48189,Texas,Hale,17.73
48191,Texas,Hall,15.23
48193,Texas,Hamilton,16.29
48195,Texas,Hansford,17.13
48197,Texas,Hardeman,17.53
48199,Texas,Hardin,19.13
48201,Texas,Harris,19.61
48203,Texas,Harrison,17.71
48205,Texas,Hartley,21.26
48207,Texas,Haskell,16.91
48209,Texas,Hays,20.64
48211,Texas,Hemphill,19.26
48213,Texas,Henderson,16.80
48215,Texas,Hidalgo,17.04
48217,Texas,Hill,17.55
48219,Texas,Hockley,17.91
48221,Texas,Hood,17.50
48223,Texas,Hopkins,18.04
48225,Texas,Houston,15.58
48227,Texas,Howard,18.83
48229,Texas,Hudspeth,15.95
48231,Texas,Hunt,18.27
48233,Texas,Hutchinson,18.72
48235,Texas,Irion,18.25
48237,Texas,Jack,18.68
48239,Texas,Jackson,17.76
48241,Texas,Jasper,16.55
48243,Texas,Jeff Davis,13.10
48245,Texas,Jefferson,16.27
48247,Texas,Jim Hogg,14.93
48249,Texas,Jim Wells,16.32
48251,Texas,Johnson,19.38
48253,Texas,Jones,19.14
48255,Texas,Karnes,18.84
48257,Texas,Kaufman,19.80
48259,Texas,Kendall,19.55
48261,Texas,Kenedy,15.51
48263,Texas,Kent,17.87
48265,Texas,Kerr,17.03
48267,Texas,Kimble,15.47
48269,Texas,King,15.65
48271,Texas,Kinney,16.12
48273,Texas,Kleberg,17.67
48275,Texas,Knox,16.41
48277,Texas,Lamar,17.40
48279,Texas,Lamb,15.93
48281,Texas,Lampasas,17.73
48283,Texas,La Salle,18.65
48285,Texas,Lavaca,16.93
48287,Texas,Lee,17.39
48289,Texas,Leon,16.04
48291,Texas,Liberty,18.53
48293,Texas,Limestone,16.89
48295,Texas,Lipscomb,18.11
48297,Texas,Live Oak,16.42
48299,Texas,Llano,15.07
48301,Texas,Loving,24.99
48303,Texas,Lubbock,19.67
48305,Texas,Lynn,16.86
48307,Texas,McCulloch,16.39
48309,Texas,McLennan,17.40
48311,Texas,McMullen,15.08
48313,Texas,Madison,19.35
48315,Texas,Marion,15.10
48317,Texas,Martin,19.73
48319,Texas,Mason,17.05
48321,Texas,Matagorda,16.61
48323,Texas,Maverick,16.78
48325,Texas,Medina,18.23
48327,Texas,Menard,14.83
48329,Texas,Midland,20.56
48331,Texas,Milam,17.15
48333,Texas,Mills,16.56
48335,Texas,Mitchell,19.08
48337,Texas,Montague,17.60
48339,Texas,Montgomery,18.80
48341,Texas,Moore,17.99
48343,Texas,Morris,16.63
48345,Texas,Motley,16.70
48347,Texas,Nacogdoches,17.59
48349,Texas,Navarro,17.25
48351,Texas,Newton,16.28
48353,Texas,Nolan,16.65
48355,Texas,Nueces,19.55
48357,Texas,Ochiltree,18.56
48359,Texas,Oldham,18.99
48361,Texas,Orange,19.28
48363,Texas,Palo Pinto,17.54
48365,Texas,Panola,17.78
48367,Texas,Parker,20.25
48369,Texas,Parmer,17.10
48371,Texas,Pecos,17.68
48373,Texas,Polk,18.03
48375,Texas,Potter,17.22
48377,Texas,Presidio,12.47
48379,Texas,Rains,17.52
48381,Texas,Randall,20.80
48383,Texas,Reagan,19.13
48385,Texas,Real,14.16
48387,Texas,Red River,15.53
48389,Texas,Reeves,18.46
48391,Texas,Refugio,15.93
48393,Texas,Roberts,18.90
48395,Texas,Robertson,16.13
48397,Texas,Rockwall,20.78
48399,Texas,Runnels,17.16
48401,Texas,Rusk,18.55
48403,Texas,Sabine,14.86
48405,Texas,San Augustine,14.42
48407,Texas,San Jacinto,16.48
48409,Texas,San Patricio,18.83
48411,Texas,San Saba,17.59
48413,Texas,Schleicher,17.56
48415,Texas,Scurry,18.36
48417,Texas,Shackelford,18.35
48419,Texas,Shelby,16.20
48421,Texas,Sherman,18.37
48423,Texas,Smith,17.60
48425,Texas,Somervell,18.74
48427,Texas,Starr,14.98
48429,Texas,Stephens,18.11
48431,Texas,Sterling,19.63
48433,Texas,Stonewall,16.44
48435,Texas,Sutton,16.32
48437,Texas,Swisher,16.09
48439,Texas,Tarrant,17.33
48441,Texas,Taylor,19.39
48443,Texas,Terrell,13.57
48445,Texas,Terry,16.84
48447,Texas,Throckmorton,16.50
48449,Texas,Titus,16.97
48451,Texas,Tom Green,19.25
48453,Texas,Travis,22.95
48455,Texas,Trinity,15.59
48457,Texas,Tyler,17.11
48459,Texas,Upshur,17.50
48461,Texas,Upton,17.78
48463,Texas,Uvalde,16.65
48465,Texas,Val Verde,16.92
48467,Texas,Van Zandt,18.23
48469,Texas,Victoria,17.58
48471,Texas,Walker,19.47
48473,Texas,Waller,18.98
48475,Texas,Ward,17.85
48477,Texas,Washington,17.49
48479,Texas,Webb,16.86
48481,Texas,Wharton,17.08
48483,Texas,Wheeler,16.64
48485,Texas,Wichita,19.71
48487,Texas,Wilbarger,15.75
48489,Texas,Willacy,16.31
48491,Texas,Williamson,18.05
48493,Texas,Wilson,18.40
48495,Texas,Winkler,18.90
48497,Texas,Wise,19.31
48499,Texas,Wood,16.62
48501,Texas,Yoakum,18.87
48503,Texas,Young,17.87
48505,Texas,Zapata,14.75
48507,Texas,Zavala,15.11
49000,Utah,,12.41
49001,Utah,Beaver,13.55
49003,Utah,Box Elder,13.67
49005,Utah,Cache,12.02
49007,Utah,Carbon,12.90
49009,Utah,Daggett,12.03
49011,Utah,Davis,11.49
49013,Utah,Duchesne,12.06
49015,Utah,Emery,11.95
49017,Utah,Garfield,11.68
49019,Utah,Grand,12.50
49021,Utah,Iron,13.04
49023,Utah,Juab,14.46
49025,Utah,Kane,11.82
49027,Utah,Millard,11.35
49029,Utah,Morgan,14.02
49031,Utah,Piute,10.02
49033,Utah,Rich,12.43
49035,Utah,Salt Lake,16.79
49037,Utah,San Juan,11.25
49039,Utah,Sanpete,12.14
49041,Utah,Sevier,12.73
49043,Utah,Summit,15.66
49045,Utah,Tooele,14.16
49047,Utah,Uintah,14.50
49049,Utah,Utah,9.04
49051,Utah,Wasatch,13.67
49053,Utah,Washington,11.47
49055,Utah,Wayne,12.88
49057,Utah,Weber,13.49
50000,Vermont,,21.60
50001,Vermont,Addison,19.23
50003,Vermont,Bennington,17.70
50005,Vermont,Caledonia,18.24
50007,Vermont,Chittenden,21.94
50009,Vermont,Essex,15.51
50011,Vermont,Franklin,20.36
50013,Vermont,Grand Isle,20.65
50015,Vermont,Lamoille,21.82
50017,Vermont,Orange,18.07
50019,Vermont,Orleans,17.72
50021,Vermont,Rutland,18.82
50023,Vermont,Washington,20.49
50025,Vermont,Windham,18.21
50027,Vermont,Windsor,15.57
51000,Virginia,,17.84
51001,Virginia,Accomack,13.65
51003,Virginia,Albemarle,18.48
51005,Virginia,Alleghany,15.16
51007,Virginia,Amelia,16.07
51009,Virginia,Amherst,16.44
51011,Virginia,Appomattox,15.91
51013,Virginia,Arlington,21.72
51015,Virginia,Augusta,17.36
51017,Virginia,Bath,14.28
51019,Virginia,Bedford,17.04
51021,Virginia,Bland,17.12
51023,Virginia,Botetourt,17.18
51025,Virginia,Brunswick,14.36
51027,Virginia,Buchanan,14.53
51029,Virginia,Buckingham,15.55
51031,Virginia,Campbell,16.15
51033,Virginia,Caroline,17.01
51035,Virginia,Carroll,15.45
51036,Virginia,Charles City,13.94
51037,Virginia,Charlotte,14.50
51041,Virginia,Chesterfield,18.41
51043,Virginia,Clarke,17.62
51045,Virginia,Craig,16.40
51047,Virginia,Culpeper,17.25
51049,Virginia,Cumberland,15.92
51051,Virginia,Dickenson,14.57
51053,Virginia,Dinwiddie,16.33
51057,Virginia,Essex,13.79
51059,Virginia,Fairfax,16.04
51061,Virginia,Fauquier,18.18
51063,Virginia,Floyd,16.52
51065,Virginia,Fluvanna,16.94
51067,Virginia,Franklin,15.43
51069,Virginia,Frederick,18.25
51071,Virginia,Giles,16.47
51073,Virginia,Gloucester,16.16
51075,Virginia,Goochland,16.46
51077,Virginia,Grayson,14.98
51079,Virginia,Greene,17.88
51081,Virginia,Greensville,16.42
51083,Virginia,Halifax,13.40
51085,Virginia,Hanover,18.78
51087,Virginia,Henrico,17.04
51089,Virginia,Henry,14.22
51091,Virginia,Highland,14.13
51093,Virginia,Isle of Wight,17.71
51095,Virginia,James City,17.93
51097,Virginia,King and Queen,15.55
51099,Virginia,King George,18.42
51101,Virginia,King William,17.97
51103,Virginia,Lancaster,12.70
51105,Virginia,Lee,14.80
51107,Virginia,Loudoun,18.43
51109,Virginia,Louisa,16.68
51111,Virginia,Lunenburg,14.29
51113,Virginia,Madison,16.35
51115,Virginia,Mathews,15.07
51117,Virginia,Mecklenburg,13.41
51119,Virginia,Middlesex,15.02
51121,Virginia,Montgomery,19.90
51125,Virginia,Nelson,14.95
51127,Virginia,New Kent,18.92
51131,Virginia,Northampton,13.23
51133,Virginia,Northumberland,12.91
51135,Virginia,Nottoway,15.27
51137,Virginia,Orange,17.32
51139,Virginia,Page,16.32
51141,Virginia,Patrick,15.22
51143,Virginia,Pittsylvania,14.40
51145,Virginia,Powhatan,19.12
51147,Virginia,Prince Edward,16.13
51149,Virginia,Prince George,16.98
51153,Virginia,Prince William,16.56
51155,Virginia,Pulaski,16.68
51157,Virginia,Rappahannock,16.03
51159,Virginia,Richmond,15.56
51161,Virginia,Roanoke,17.04
51163,Virginia,Rockbridge,15.65
51165,Virginia,Rockingham,17.71
51167,Virginia,Russell,14.88
51169,Virginia,Scott,14.60
51171,Virginia,Shenandoah,15.79
51173,Virginia,Smyth,14.75
51175,Virginia,Southampton,16.09
51177,Virginia,Spotsylvania,17.21
51179,Virginia,Stafford,19.28
51181,Virginia,Surry,14.09
51183,Virginia,Sussex,16.82
51185,Virginia,Tazewell,16.21
51187,Virginia,Warren,17.11
51191,Virginia,Washington,16.17
51193,Virginia,Westmoreland,14.89
51195,Virginia,Wise,15.77
51197,Virginia,Wythe,17.41
51199,Virginia,York,17.21
51510,Virginia,Alexandria City,19.29
51515,Virginia,Bedford City,
51520,Virginia,Bristol City,15.79
51530,Virginia,Buena Vista City,16.10
51540,Virginia,Charlottesville City,18.63
51550,Virginia,Chesapeake City,16.12
51570,Virginia,Colonial Heights City,17.04
51580,Virginia,Covington City,15.68
51590,Virginia,Danville City,12.65
51595,Virginia,Emporia City,11.81
51600,Virginia,Fairfax City,17.71
51610,Virginia,Falls Church City,19.89
51620,Virginia,Franklin City,13.05
51630,Virginia,Fredericksburg City,18.82
51640,Virginia,Galax City,15.24
51650,Virginia,Hampton City,15.93
51660,Virginia,Harrisonburg City,18.00
51670,Virginia,Hopewell City,14.25
51678,Virginia,Lexington City,20.65
51680,Virginia,Lynchburg City,17.47
51683,Virginia,Manassas City,18.16
51685,Virginia,Manassas Park City,17.62
51690,Virginia,Martinsville City,13.92
51700,Virginia,Newport News City,17.67
51710,Virginia,Norfolk City,17.91
51720,Virginia,Norton City,15.78
51730,Virginia,Petersburg City,12.09
51735,Virginia,Poquoson City,19.02
51740,Virginia,Portsmouth City,15.27
51750,Virginia,Radford City,18.16
51760,Virginia,Richmond City,20.95
51770,Virginia,Roanoke City,16.41
51775,Virginia,Salem City,18.42
51790,Virginia,Staunton City,16.93
51800,Virginia,Suffolk City,17.54
51810,Virginia,Virginia Beach City,17.97
51820,Virginia,Waynesboro City,16.56
51830,Virginia,Williamsburg City,17.70
51840,Virginia,Winchester City,16.73
53000,Washington,,17.71
53001,Washington,Adams,15.19
53003,Washington,Asotin,17.09
53005,Washington,Benton,18.82
53007,Washington,Chelan,18.24
53009,Washington,Clallam,16.57
53011,Washington,Clark,19.38
53013,Washington,Columbia,15.19
53015,Washington,Cowlitz,16.99
53017,Washington,Douglas,18.28
53019,Washington,Ferry,15.01
53021,Washington,Franklin,17.77
53023,Washington,Garfield,16.65
53025,Washington,Grant,17.63
53027,Washington,Grays Harbor,15.90
53029,Washington,Island,17.06
53031,Washington,Jefferson,14.26
53033,Washington,King,19.03
53035,Washington,Kitsap,18.75
53037,Washington,Kittitas,19.33
53039,Washington,Klickitat,17.64
53041,Washington,Lewis,16.20
53043,Washington,Lincoln,17.53
53045,Washington,Mason,16.99
53047,Washington,Okanogan,16.19
53049,Washington,Pacific,15.07
53051,Washington,Pend Oreille,16.85
53053,Washington,Pierce,17.88
53055,Washington,San Juan,16.52
53057,Washington,Skagit,16.98
53059,Washington,Skamania,17.38
53061,Washington,Snohomish,16.57
53063,Washington,Spokane,19.03
53065,Washington,Stevens,15.22
53067,Washington,Thurston,17.23
53069,Washington,Wahkiakum,15.21
53071,Washington,Walla Walla,18.25
53073,Washington,Whatcom,19.50
53075,Washington,Whitman,19.29
53077,Washington,Yakima,15.99
54000,West Virginia,,14.34
54001,West Virginia,Barbour,12.61
54003,West Virginia,Berkeley,13.91
54005,West Virginia,Boone,12.14
54007,West Virginia,Braxton,11.44
54009,West Virginia,Brooke,13.38
54011,West Virginia,Cabell,13.87
54013,West Virginia,Calhoun,10.95
54015,West Virginia,Clay,11.48
54017,West Virginia,Doddridge,13.57
54019,West Virginia,Fayette,12.34
54021,West Virginia,Gilmer,14.09
54023,West Virginia,Grant,13.08
54025,West Virginia,Greenbrier,12.10
54027,West Virginia,Hampshire,13.06
54029,West Virginia,Hancock,13.09
54031,West Virginia,Hardy,12.18
54033,West Virginia,Harrison,12.76
54035,West Virginia,Jackson,12.77
54037,West Virginia,Jefferson,14.74
54039,West Virginia,Kanawha,12.77
54041,West Virginia,Lewis,13.04
54043,West Virginia,Lincoln,12.56
54045,West Virginia,Logan,11.64
54047,West Virginia,McDowell,10.38
54049,West Virginia,Marion,14.07
54051,West Virginia,Marshall,13.61
54053,West Virginia,Mason,12.38
54055,West Virginia,Mercer,11.25
54057,West Virginia,Mineral,13.32
54059,West Virginia,Mingo,11.48
54061,West Virginia,Monongalia,15.66
54063,West Virginia,Monroe,11.87
54065,West Virginia,Morgan,13.13
54067,West Virginia,Nicholas,12.12
54069,West Virginia,Ohio,13.63
54071,West Virginia,Pendleton,11.77
54073,West Virginia,Pleasants,14.51
54075,West Virginia,Pocahontas,11.72
54077,West Virginia,Preston,12.50
54079,West Virginia,Putnam,13.66
54081,West Virginia,Raleigh,11.88
54083,West Virginia,Randolph,12.99
54085,West Virginia,Ritchie,12.09
54087,West Virginia,Roane,11.90
54089,West Virginia,Summers,11.33
54091,West Virginia,Taylor,12.87
54093,West Virginia,Tucker,12.48
54095,West Virginia,Tyler,13.13
54097,West Virginia,Upshur,12.58
54099,West Virginia,Wayne,12.52
54101,West Virginia,Webster,11.24
54103,West Virginia,Wetzel,12.43
54105,West Virginia,Wirt,12.21
54107,West Virginia,Wood,12.95
54109,West Virginia,Wyoming,11.42
55000,Wisconsin,,25.29
55001,Wisconsin,Adams,20.58
55003,Wisconsin,Ashland,25.17
55005,Wisconsin,Barron,22.00
55007,Wisconsin,Bayfield,23.20
55009,Wisconsin,Brown,24.68
55011,Wisconsin,Buffalo,22.58
55013,Wisconsin,Burnett,19.50
55015,Wisconsin,Calumet,24.54
55017,Wisconsin,Chippewa,24.12
55019,Wisconsin,Clark,22.76
55021,Wisconsin,Columbia,24.97
55023,Wisconsin,Crawford,21.51
55025,Wisconsin,Dane,25.73
55027,Wisconsin,Dodge,24.42
55029,Wisconsin,Door,21.11
55031,Wisconsin,Douglas,26.08
55033,Wisconsin,Dunn,24.40
55035,Wisconsin,Eau Claire,25.88
55037,Wisconsin,Florence,21.45
55039,Wisconsin,Fond du Lac,23.04
55041,Wisconsin,Forest,22.02
55043,Wisconsin,Grant,23.75
55045,Wisconsin,Green,25.00
55047,Wisconsin,Green Lake,21.75
55049,Wisconsin,Iowa,24.22
55051,Wisconsin,Iron,20.12
55053,Wisconsin,Jackson,23.22
55055,Wisconsin,Jefferson,23.77
55057,Wisconsin,Juneau,22.72
55059,Wisconsin,Kenosha,23.52
55061,Wisconsin,Kewaunee,23.62
55063,Wisconsin,La Crosse,24.80
55065,Wisconsin,Lafayette,22.57
55067,Wisconsin,Langlade,21.94
55069,Wisconsin,Lincoln,22.81
55071,Wisconsin,Manitowoc,22.15
55073,Wisconsin,Marathon,25.10
55075,Wisconsin,Marinette,23.24
55077,Wisconsin,Marquette,21.63
55078,Wisconsin,Menominee,22.51
55079,Wisconsin,Milwaukee,23.82
55081,Wisconsin,Monroe,22.50
55083,Wisconsin,Oconto,23.15
55085,Wisconsin,Oneida,22.47
55087,Wisconsin,Outagamie,26.13
55089,Wisconsin,Ozaukee,24.75
55091,Wisconsin,Pepin,22.97
55093,Wisconsin,Pierce,25.73
55095,Wisconsin,Polk,22.48
55097,Wisconsin,Portage,23.71
55099,Wisconsin,Price,20.64
55101,Wisconsin,Racine,21.46
55103,Wisconsin,Richland,21.35
55105,Wisconsin,Rock,21.98
55107,Wisconsin,Rusk,20.82
55109,Wisconsin,St. Croix,25.02
55111,Wisconsin,Sauk,23.45
55113,Wisconsin,Sawyer,22.33
55115,Wisconsin,Shawano,21.72
55117,Wisconsin,Sheboygan,22.35
55119,Wisconsin,Taylor,23.30
55121,Wisconsin,Trempealeau,23.23
55123,Wisconsin,Vernon,21.87
55125,Wisconsin,Vilas,21.03
55127,Wisconsin,Walworth,23.82
55129,Wisconsin,Washburn,20.71
55131,Wisconsin,Washington,24.48
55133,Wisconsin,Waukesha,23.22
55135,Wisconsin,Waupaca,23.03
55137,Wisconsin,Waushara,21.42
55139,Wisconsin,Winnebago,23.81
55141,Wisconsin,Wood,20.14
56000,Wyoming,,19.40
56001,Wyoming,Albany,22.31
56003,Wyoming,Big Horn,16.69
56005,Wyoming,Campbell,19.61
56007,Wyoming,Carbon,17.07
56009,Wyoming,Converse,19.03
56011,Wyoming,Crook,16.54
56013,Wyoming,Fremont,16.87
56015,Wyoming,Goshen,17.82
56017,Wyoming,Hot Springs,14.67
56019,Wyoming,Johnson,14.99
56021,Wyoming,Laramie,15.96
56023,Wyoming,Lincoln,16.97
56025,Wyoming,Natrona,19.61
56027,Wyoming,Niobrara,15.16
56029,Wyoming,Park,16.51
56031,Wyoming,Platte,16.15
56033,Wyoming,Sheridan,17.92
56035,Wyoming,Sublette,18.73
56037,Wyoming,Sweetwater,19.35
56039,Wyoming,Teton,23.10
56041,Wyoming,Uinta,16.67
56043,Wyoming,Washakie,15.90
56045,Wyoming,Weston,17.24
